:020000040800F2
:100000000036002071520008D5EE00085D5200084D
:100010005D5200085D5200085D52000800000000BB
:100020000000000000000000000000002553000850
:100030005D52000800000000D1520008B9780008A5
:10004000A5540008A5540008A5540008A5540008AC
:10005000A5540008A5540008A5540008A55400089C
:10006000A5540008A5540008A5540008A55400088C
:10007000A5540008A5540008A5540008A55400087C
:10008000A5540008A5540008A5540008A55400086C
:10009000A5540008A5540008A5540008A55400085C
:1000A000A5540008A5540008A5540008A55400084C
:1000B000A5540008A5540008A5540008A55400083C
:1000C000A5540008A5540008A5540008A55400082C
:1000D000A5540008A5540008A5540008A55400081C
:1000E000A5540008A5540008A5540008A55400080C
:1000F000A5540008A5540008A5540008A5540008FC
:10010000A5540008A5540008A5540008A5540008EB
:10011000A5540008A5540008A5540008A5540008DB
:10012000A5540008A5540008A5540008A5540008CB
:10013000A5540008A5540008A5540008A5540008BB
:10014000A5540008A5540008A5540008A5540008AB
:10015000A5540008A5540008A5540008A55400089B
:10016000A5540008A5540008A5540008A55400088B
:10017000A5540008A5540008A5540008A55400087B
:10018000A5540008A5540008A5540008A55400086B
:10019000A5540008A5540008A5540008A55400085B
:1001A000A5540008A5540008A5540008A55400084B
:1001B000A5540008A5540008A5540008A55400083B
:0401C000A55400083A
:1002000090F800F06DE9024520F007016FF0000C56
:1002100010F0070491F820F040F049804FF00004FE
:100220006FF00700D1E9002391F840F000F10800D9
:1002300082FA4CF2A4FA8CF283FA4CF3A2FA8CF311
:100240004BBBD1E9022382FA4CF200F10800A4FA78
:100250008CF283FA4CF3A2FA8CF3E3B9D1E90423CC
:1002600082FA4CF200F10800A4FA8CF283FA4CF303
:10027000A2FA8CF37BB9D1E9062301F1200182FABD
:100280004CF200F10800A4FA8CF283FA4CF3A2FAC3
:100290008CF3002BC6D0002A04BF04301A4612BAD1
:1002A000B2FA82F2FDE8024500EBD2007047D1E9D4
:1002B000002304F00305C4F100004FEAC50514F063
:1002C000040F91F840F00CFA05F562EA05021CBF34
:1002D00063EA050362464FF00004A9E7000000004E
:1002E00001F0FF01102A2BDB10F0070F08D010F8E7
:1002F000013B013A8B422DD010F0070F42B3F6D1EB
:10030000F0B441EA012141EA014122F007047FF003
:1003100000070023F0E80256083C85EA010586EA5A
:10032000010685FA47F5A3FA87F586FA47F6A5FA96
:1003300087F68EB9EED1F0BC01F0FF0102F00702A2
:1003400032B110F8013B013A83EA010313B1F8D14D
:100350000020704701387047002D06BF354603382E
:10036000073815F0010F07D1013015F4807F02BF67
:10037000013015F4C03F0130F0BC0138704700BFB8
:10038000844641EA000313F003036DD1403A41D3A0
:1003900051F8043B40F8043B51F8043B40F8043B5F
:1003A00051F8043B40F8043B51F8043B40F8043B4F
:1003B00051F8043B40F8043B51F8043B40F8043B3F
:1003C00051F8043B40F8043B51F8043B40F8043B2F
:1003D00051F8043B40F8043B51F8043B40F8043B1F
:1003E00051F8043B40F8043B51F8043B40F8043B0F
:1003F00051F8043B40F8043B51F8043B40F8043BFF
:1004000051F8043B40F8043B51F8043B40F8043BEE
:10041000403ABDD2303211D351F8043B40F8043B8E
:1004200051F8043B40F8043B51F8043B40F8043BCE
:1004300051F8043B40F8043B103AEDD20C3205D39E
:1004400051F8043B40F8043B043AF9D2043208D096
:10045000D2071CBF11F8013B00F8013B01D30B8808
:1004600003806046704700BF082A13D38B078DD0E6
:1004700010F003038AD0C3F10403D21ADB071CBFB8
:1004800011F8013B00F8013B80D331F8023B20F822
:10049000023B7BE7043AD9D3013A11F8013B00F85B
:1004A000013BF9D20B7803704B7843708B788370E3
:1004B0006046704781F0004102E000BF83F00043D6
:1004C00030B54FEA41044FEA430594EA050F08BFEF
:1004D00090EA020F1FBF54EA000C55EA020C7FEAB3
:1004E000645C7FEA655C00F0E2804FEA5454D4EB30
:1004F0005555B8BF6D420CDD2C4480EA020281EAFA
:10050000030382EA000083EA010180EA020281EA31
:100510000303362D88BF30BD11F0004F4FEA013183
:100520004FF4801C4CEA113102D0404261EB410192
:1005300013F0004F4FEA03334CEA133302D0524218
:1005400063EB430394EA050F00F0A780A4F10104D4
:10055000D5F1200E0DDB02FA0EFC22FA05F280180E
:1005600041F1000103FA0EF2801843FA05F35941F4
:100570000EE0A5F120050EF1200E012A03FA0EFC73
:1005800028BF4CF0020C43FA05F3C01851EBE3719D
:1005900001F0004507D54FF0000EDCF1000C7EEBBA
:1005A00000006EEB0101B1F5801F1BD3B1F5001FF8
:1005B0000CD349085FEA30004FEA3C0C04F1010417
:1005C0004FEA445212F5800F80F09A80BCF1004F40
:1005D00008BF5FEA500C50F1000041EB045141EAC2
:1005E000050130BD5FEA4C0C404141EB0101013C8B
:1005F00028BFB1F5801FE9D291F0000F04BF01467A
:100600000020B1FA81F308BF2033A3F10B03B3F14B
:1006100020020CDA0C3208DD02F1140CC2F10C02DB
:1006200001FA0CF021FA02F10CE002F11402D8BF39
:10063000C2F1200C01FA02F120FA0CFCDCBF41EA05
:100640000C019040E41AA2BF01EB0451294330BDD4
:100650006FEA04041F3C1CDA0C340EDC04F11404B1
:10066000C4F1200220FA04F001FA02F340EA030088
:1006700021FA04F345EA030130BDC4F10C04C4F1CE
:10068000200220FA02F001FA04F340EA03002946AE
:1006900030BD21FA04F0294630BD94F0000F83F4F8
:1006A000801306BF81F480110134013D4EE77FEADB
:1006B000645C18BF7FEA655C29D094EA050F08BF27
:1006C00090EA020F05D054EA000C04BF1946104608
:1006D00030BD91EA030F1EBF0021002030BD5FEA4C
:1006E000545C05D14000494128BF41F0004130BD74
:1006F00014F580043CBF01F5801130BD01F00045C8
:1007000045F0FE4141F470014FF0000030BD7FEA3A
:10071000645C1ABF194610467FEA655C1CBF0B4635
:10072000024650EA013406BF52EA033591EA030F4C
:1007300041F4002130BD00BF90F0000F04BF002144
:10074000704730B54FF4806404F132044FF0000577
:100750004FF0000150E700BF90F0000F04BF0021F0
:10076000704730B54FF4806404F1320410F0004556
:1007700048BF40424FF000013EE700BF42004FEA51
:10078000E2014FEA31014FEA02701FBF12F07F43CE
:1007900093F07F4F81F06051704732F07F4208BF85
:1007A000704793F07F4F04BF41F40021704730B58C
:1007B0004FF4607401F0004521F000411CE700BFD8
:1007C00050EA010208BF704730B54FF000050AE05B
:1007D00050EA010208BF704730B511F0004502D55C
:1007E000404261EB41014FF4806404F132045FEA5E
:1007F000915C3FF4D8AE4FF003025FEADC0C18BF07
:1008000003325FEADC0C18BF033202EBDC02C2F1F8
:10081000200300FA03FC20FA02F001FA03FE40EA8A
:100820000E0021FA02F11444BDE600BF70B54FF08E
:10083000FF0C4CF4E06C1CEA11541DBF1CEA13556C
:1008400094EA0C0F95EA0C0F00F0DEF82C4481EAD4
:10085000030621EA4C5123EA4C5350EA013518BFF4
:1008600052EA033541F4801143F4801338D0A0FBE1
:1008700002CE4FF00005E1FB02E506F00042E0FB8E
:1008800003E54FF00006E1FB03569CF0000F18BF94
:100890004EF0010EA4F1FF04B6F5007F64F540743C
:1008A00004D25FEA4E0E6D4146EB060642EAC621CF
:1008B00041EA55514FEAC52040EA5E504FEACE2E3C
:1008C000B4F1FD0C88BFBCF5E06F1ED8BEF1004F3F
:1008D00008BF5FEA500E50F1000041EB045170BDBB
:1008E00006F0004646EA010140EA020081EA0301FF
:1008F000B4EB5C04C2BFD4EB0C0541EA045170BDFB
:1009000041F480114FF0000E013C00F3AB8014F174
:10091000360FDEBF002001F0004170BDC4F10004BD
:10092000203C35DA0C341BDC04F11404C4F120053E
:1009300000FA05F320FA04F001FA05F240EA020099
:1009400001F0004221F0004110EBD37021FA04F6CF
:1009500042EB06015EEA430E08BF20EAD37070BD89
:10096000C4F10C04C4F1200500FA04F320FA05F0E8
:1009700001FA04F240EA020001F0004110EBD370EA
:1009800041F100015EEA430E08BF20EAD37070BD5A
:10099000C4F1200500FA05F24EEA020E20FA04F333
:1009A00001FA05F243EA020321FA04F001F00041E2
:1009B00021FA04F220EA020000EBD3705EEA430E53
:1009C00008BF20EAD37070BD94F0000F0FD101F082
:1009D0000046400041EB010111F4801F08BF013CBB
:1009E000F7D041EA060195F0000F18BF704703F0F9
:1009F0000046520043EB030313F4801F08BF013D80
:100A0000F7D043EA0603704794EA0C0F0CEA13553B
:100A100018BF95EA0C0F0CD050EA410618BF52EAF5
:100A20004306D1D181EA030101F000414FF00000FB
:100A300070BD50EA410606BF1046194652EA430609
:100A400019D094EA0C0F02D150EA013613D195EA7D
:100A50000C0F05D152EA03361CBF104619460AD1C5
:100A600081EA030101F0004141F0FE4141F47001CF
:100A70004FF0000070BD41F0FE4141F4780170BDBF
:100A800070B54FF0FF0C4CF4E06C1CEA11541DBF24
:100A90001CEA135594EA0C0F95EA0C0F00F0A7F826
:100AA000A4EB050481EA030E52EA03354FEA013153
:100AB00000F088804FEA03334FF0805545EA131366
:100AC00043EA12634FEA022245EA111545EA10652E
:100AD0004FEA00260EF000419D4208BF964244F1C5
:100AE000FD0404F5407402D25B084FEA3202B61AE4
:100AF00065EB03055B084FEA32024FF480104FF4B8
:100B0000002CB6EB020E75EB030E22BFB61A75462B
:100B100040EA0C005B084FEA3202B6EB020E75EBBE
:100B2000030E22BFB61A754640EA5C005B084FEA26
:100B30003202B6EB020E75EB030E22BFB61A7546F3
:100B400040EA9C005B084FEA3202B6EB020E75EBFE
:100B5000030E22BFB61A754640EADC0055EA060EBF
:100B600018D04FEA051545EA16754FEA06164FEA02
:100B7000C30343EA52734FEAC2025FEA1C1CC0D1AE
:100B800011F4801F0BD141EA00014FF000004FF03B
:100B9000004CB6E711F4801F04BF01430020B4F1FC
:100BA000FD0C88BFBCF5E06F3FF6AFAEB5EB030CB4
:100BB00004BFB6EB020C5FEA500C50F1000041EBB1
:100BC000045170BD0EF0004E4EEA113114EB5C047E
:100BD000C2BFD4EB0C0541EA045170BD41F4801151
:100BE0004FF0000E013C90E645EA060E8DE60CEA59
:100BF000135594EA0C0F08BF95EA0C0F3FF43BAF76
:100C000094EA0C0F0AD150EA01347FF434AF95EA2C
:100C10000C0F7FF425AF104619462CE795EA0C0F10
:100C200006D152EA03353FF4FDAE1046194622E7DD
:100C300050EA410618BF52EA43067FF4C5AE50EAB7
:100C400041047FF40DAF52EA43057FF4EBAE12E7A7
:100C50004FF0FF3C06E000BF4FF0010C02E000BF88
:100C60004FF0010C4DF804CD4FEA410C7FEA6C5C6B
:100C70004FEA430C18BF7FEA6C5C1BD001B050EA0E
:100C8000410C0CBF52EA430C91EA030F02BF90EAF9
:100C9000020F0020704710F1000F91EA030F58BFB8
:100CA000994208BF90422CBFD8176FEAE37040F01A
:100CB000010070474FEA410C7FEA6C5C02D150EAB8
:100CC000013C07D14FEA430C7FEA6C5CD6D152EA73
:100CD000033CD3D05DF8040B704700BF8446104638
:100CE00062468C461946634600E000BF01B5FFF737
:100CF000B7FF002848BF10F1000F01BD4DF808ED07
:100D0000FFF7F4FF0CBF012000205DF808FB00BFD7
:100D10004DF808EDFFF7EAFF34BF012000205DF831
:100D200008FB00BF4DF808EDFFF7E0FF94BF01207E
:100D300000205DF808FB00BF4DF808EDFFF7CEFF7F
:100D400094BF012000205DF808FB00BF4DF808EDBE
:100D5000FFF7C4FF34BF012000205DF808FB00BF8F
:100D60004FEA410C7FEA6C5C02D150EA013C0AD1A7
:100D70004FEA430C7FEA6C5C02D152EA033C02D199
:100D80004FF0000070474FF0010070474FEA4102FA
:100D900012F5001215D211D56FF47873B3EB6252CD
:100DA00012D94FEAC12343F0004343EA505311F0F4
:100DB000004F23FA02F018BF404270474FF0000086
:100DC000704750EA013005D111F0004008BF6FF0C4
:100DD000004070474FF00000704700BF4A0011D23A
:100DE00012F5001211D20DD56FF47873B3EB625285
:100DF0000ED44FEAC12343F0004343EA505323FA91
:100E000002F070474FF00000704750EA013002D105
:100E10004FF0FF3070474FF0000070477BB972B958
:100E20000029BEBF00204FF0004106E008BF0028A7
:100E30001CBF6FF000414FF0FF3000F057B8ADF12C
:100E4000080C6DE904CE002909DB002B1ADB00F049
:100E50004FF8DDF804E0DDE9022304B070474042BA
:100E600061EB4101002B1BDB00F042F8DDF804E0F0
:100E7000DDE9022304B0404261EB4101524263EBE1
:100E800043037047524263EB430300F031F8DDF84F
:100E900004E0DDE9022304B0404261EB4101704708
:100EA000524263EB430300F023F8DDF804E0DDE990
:100EB000022304B0524263EB4303704753B94AB96B
:100EC000002908BF00281CBF4FF0FF314FF0FF3052
:100ED00000F00CB8ADF1080C6DE904CE00F008F894
:100EE000DDF804E0DDE9022304B07047704700BF7D
:100EF0002DE9F04786468C460846089E15467446FE
:100F00001946002B40F0C2808542B2FA82F245D9E0
:100F10004AB1C2F1200300FA02FC2EFA03F3954015
:100F200043EA0C0C94404FEA154EA8B2BCFBFEF805
:100F3000230C0EFB18CC08FB00F943EA0C4399453F
:100F400028D9EB1808F1FF3704D2994502D9A8F146
:100F500002072B44A3EB0903A4B2B3FBFEFC0EFB78
:100F60001C330CFB00F044EA0344A04214D92C19B2
:100F70000CF1FF3304D2A04202D9ACF102032C449D
:100F8000241A43EA07401EB1D44000233460736042
:100F9000BDE8F0874746DDE76346F1E792BB431BB8
:100FA00001214FEA154EAFB2B3FBFEFC200C0EFB45
:100FB0001C330CFB07F840EA0343984562D9EB1851
:100FC0000CF1FF3004D2984502D9ACF102002B4459
:100FD000A3EB0803A4B2B3FBFEFC0EFB1C330CFB1B
:100FE00007F744EA0344A7424ED92C190CF1FF330A
:100FF00004D2A74202D9ACF102032C44E41B43EA19
:101000000040C0E7C2F1200320FA03F19540904070
:101010002EFA03F303434FEA154EAFB2B1FBFEFCC9
:101020000EFB1C10190C0CFB07F841EA0041884527
:1010300004FA02F422D969180CF1FF3004D2884571
:1010400002D9ACF102002944A1EB08019BB2B1FB2B
:10105000FEFC0EFB1C110CFB07F743EA01439F4209
:101060000ED9EB180CF1FF3104D29F4202D9ACF13A
:1010700002012B44DB1B41EA004192E76046E3E7B3
:101080006146F7E76046A3E76346B7E7834206D9C0
:1010900016B9002108467BE7C6E900E0F9E7B3FA94
:1010A00083F78FB9834201D3724508D8BEEB02049F
:1010B00060EB030301209C461EB9002168E7384617
:1010C000FAE7C6E9004CF8E7C7F1200CBB4022FA6A
:1010D0000CF41C432EFA0CF120FA0CF3B840014337
:1010E0004FEA14490EFA07F5B3FBF9F81FFA84FE2C
:1010F00009FB18300B0C08FB0EFA43EA00439A4533
:1011000002FA07F240D9E31808F1FF3004D29A45F9
:1011100002D9A8F102002344A3EB0A0389B2B3FB6E
:10112000F9F809FB183308FB0EFE41EA03418E452E
:101130002CD9611808F1FF3304D28E4502D9A8F1E9
:101140000203214443EA0040A0FB0298A1EB0E01F8
:101150004145CE46434602D306D14D4504D2B9EBB4
:10116000020E68EB04030138002EA6D0B5EB0E0288
:1011700061EB030101FA0CFC22FA07F34CEA0303CA
:10118000F940C6E9003198E74046C5E74346D9E74C
:101190002DE9F04FCBB0594C20460FF014FC2168DC
:1011A000064630B956480DF042F930464BB0BDE81E
:1011B000F08F54480DF03BF901F0C4FF04460028BD
:1011C00067D0014650480DF032F950480DF02FF924
:1011D0004F4D6F6938460CF0FAFE0646002800F0C5
:1011E0008A80FB890021013BFB810160EFF31183C1
:1011F000102282F31288BFF36F8F2A6A2862106070
:1012000083F31188BFF36F8F2E222E3808F060FC15
:10121000012306F8303C7F2306F82F3C3D4B46F86F
:10122000283C802346F8203C2AAB46F81C3C46F874
:10123000243C28460DF009FFA8684FF0FF324FF01C
:10124000FF3307F073F805F12C000CF0C0FE05F138
:101250002C0600284BD00022AB6946680260EFF3F1
:101260001182102181F31288BFF36F8F1968186003
:10127000086082F31188BFF36F8FDA890132DA8157
:10128000002E61D01D4B2448196832460DF0CFF86E
:101290008BE722480DF0CBF841F2883001F05EFF79
:1012A000044610B101461E488DE71E491E480DF048
:1012B000BEF81E491B4843F6982201F059FF044628
:1012C00010B101461A487EE71A491B480DF0AFF8E5
:1012D00018491A4842F2107340F25B7201F06CFF39
:1012E000044610B1014616486DE716486EE73046D1
:1012F0000CF06DFEADE76FF00B06C3E7AC12010812
:10130000DC1E0108301F0108581F0108A520010834
:10131000D40900200C0A0020DF2001086F1F0108FB
:10132000921F0108B91F0108BE1F0108E01F010834
:10133000E91F0108082001081820010841200108C0
:101340005E2001087D200108B34DAB685B69002B6E
:1013500040F03581B14B0D93002612AB314620226F
:1013600018460E9608F0B4FB0D9A0D219568009072
:1013700001230EAA2AA80F91A8471AAB31462022B2
:101380001846109608F0A4FB0D9A0E21956800905F
:10139000012310AA2AA81191A8479DF97870209DD1
:1013A000A7F11F00FFF7D8F902460B4600204FF0C7
:1013B000804107F099FE894680462846FFF7CCF920
:1013C0004B464246FFF732FA954B0022FFF72EFAC2
:1013D00002460B46CDE9062385A3D3E90023FFF798
:1013E0004FFB85A3D3E9002307F07EFE02460B46A0
:1013F00000208C49FFF762F881A3D3E90023FFF7AF
:1014000015FA894B894ACDE908011898B042A8BF5E
:101410001A469DF958300B920028B8BF4042B3429B
:10142000A5BFA3F12006C3F120025B4200FA06F635
:10143000AABF20FA02F2D84098404FEAD0794FF084
:10144000000120F00040A8BF1643FFF7B9F96EA3D2
:10145000D3E90023FFF7EAF96DA3D3E90023FFF7EF
:101460000FFBFFF7BBFC714A6F4B12EA250B38BF2D
:101470009B46002DB8BF6D42002F49EA46098246BF
:1014800080F2A8807F42FD400026DDE90801FFF7D9
:101490007DFC0746FFF760F902460B46DDE90801CF
:1014A000FFF70CF8624B0022FFF7C0F9FFF76EFC64
:1014B0000021CDE90370804625F00040FFF780F958
:1014C00051A3D3E90023FFF7B1F951A3D3E90023D6
:1014D000FFF7D6FAFFF782FCED0F45EA46050290CA
:1014E000CDE900B50B99534853464A460CF09FFF8F
:1014F000002C5ED11898FFF72FF982469DF958000D
:101500001F388B46FFF728F902460B4600204FF0A4
:10151000804107F0E9FD02460B4650465946FFF769
:1015200085F98B468246FFF731FC0546FFF714F933
:1015300002460B4650465946FEF7C0FF3C4B002280
:10154000FFF774F9FFF722FC2B463B4A009020215D
:1015500022A808F02DFB22A9384801F055FEDDE94C
:101560000601FFF713FC0546FFF7F6F802460B46A7
:10157000DDE90601FEF7A2FF2D4B0022FFF756F929
:10158000FFF704FC2C4A00902B46202122A808F0EB
:101590000FFB22A92A4801F037FE2021264ACDF868
:1015A00000803B4622A808F003FB264822A901F050
:1015B0002BFE002142F210700FF0EDFB08E60DA9A2
:1015C00028469847064600283FF4C6AE02462968DA
:1015D0001D485BE6A7F12006C7F1200305FA06F6D1
:1015E00025FA03F31E43BD404FE700BFAFF3008071
:1015F0000000000000AA8F406C45D9CC955BC83F25
:101600000000000040A5E5400000000080842E415D
:101610000000C0FFFFFFDF41AC120108E41A01081F
:10162000000024400000F03F24220108DA1E0108D7
:101630000000594021210108572101085D210108BE
:101640007421010888210108FD2001080000000024
:101650002DE9F04F23F000471D469A4657EA020352
:1016600093B000F0368389468046D54829F000467D
:10167000864214461146CB464346324600F2238347
:1016800000F02C83874200F21E8300F0CE83BBF172
:10169000000FC0F27983002900F038830021009107
:1016A000404649460493029207F09EFE049B029A2C
:1016B000002B00F08D834FEADB73013B0A93C14B93
:1016C0009F4200F2E783BE4B0BEA0303002B40F07E
:1016D00098840022BC4BFFF7A9F86FF034060A4645
:1016E0001315A3F2FF339F19B84B0B97C2F31302E4
:1016F00042F07F569A4246F4401607DDB44B9A42B8
:1017000040F3EC8401370B97A6F5801600220023E6
:10171000CDE90823CDE91023AE4B0022CDE9062305
:101720000027DDE9062331468246FEF7C7FEB346B1
:10173000DDE906238046894650463146CDE90CABAB
:10174000FEF7BEFE02460B460020A249FFF798F9BD
:101750000A460146CDE90E12134649460246404666
:10176000FFF764F80A4683469446CDE902BC4FF081
:10177000000CCDF808C07610DDE902AB46F000564B
:10178000014606F50023CDE904120020D9190646CA
:101790000F4602460B4650465946FFF747F80246A9
:1017A0000B4640464946FEF789FEDDE906238046A2
:1017B000894630463946FEF781FE02460B46DDE992
:1017C0000C01FEF77BFE52465B46FFF72FF8024600
:1017D0000B4640464946FEF771FEDDE90E23FFF752
:1017E00025F8DDE90467CDE9060132463B4630467F
:1017F0003946FFF71BF860A3D3E9002306460F46DE
:10180000FFF714F85EA3D3E90023FEF759FE324632
:101810003B46FFF70BF85CA3D3E90023FEF750FE2D
:1018200032463B46FFF702F859A3D3E90023FEF7FF
:1018300047FE32463B46FEF7F9FF57A3D3E90023A4
:10184000FEF73EFE32463B46FEF7F0FF54A3D3E9D7
:101850000023FEF735FE3246804689463B46304639
:101860003946FEF7E3FF02460B4640464946FEF77F
:10187000DDFF524606460F465B46DDE90401FEF7F2
:101880001FFEDDE90623FEF7D1FF32463B46FEF799
:1018900017FE5246804689465B4650465946FEF73B
:1018A000C5FF02460B46CDE90C234B4B0022FEF749
:1018B00007FE42464B46FEF703FE00260F46324621
:1018C0003B4650465946FEF7B1FF434B82468B4696
:1018D000002230463946FEF7F1FDDDE90C23FEF724
:1018E000EDFD02460B4640464946FEF7E7FDDDE9C1
:1018F0000423FEF79BFF3246804689463B46DDE9DE
:101900000601FEF793FF02460B4640464946FEF7A6
:10191000D7FD8046894602460B4650465946FEF79B
:10192000CFFD002620A3D3E9002330460F46FEF763
:101930007DFF52465B4682468B4630463946FEF76F
:10194000BDFD02460B4640464946FEF7B7FD18A3CB
:10195000D3E90023FEF76AFF17A3D3E900238046EB
:10196000894630463946FEF761FF02460B4640463F
:10197000494633E0AFF30080EF4E454A287ECA3F28
:1019800065DBC9934A86CD3F01411DA96074D13FF3
:101990004D268F515555D53FFFAB6FDBB66DDB3F05
:1019A000033333333333E33F000000E009C7EE3F36
:1019B000FD033ADC09C7EE3FF5015B14E02F3EBEA4
:1019C0000000F07F0000E041000040438E980300DB
:1019D00079B60B000000F03F00000840FEF770FDF4
:1019E000DDE91023FEF76CFD80460B988946FEF773
:1019F000B3FE424606460F464B4650465946CDE991
:101A000004ABFEF75DFDDDE90823FEF759FD324624
:101A10003B46FEF755FD002032463B4682468B464C
:101A2000FEF74CFDDDE90823FEF748FDDDE9042360
:101A3000FEF744FD02460B4640464946FEF73EFD92
:101A4000CDE90201009B0A9A013B134314BFC84B26
:101A5000C84B0022CDE904230023CDE900450093C3
:101A6000DDE90089204642464B462946FEF726FD21
:101A70005B465246FEF7DAFE224606460F462B46E6
:101A8000DDE90201FEF7D2FE02460B46304639463A
:101A9000FEF716FD424604460D464B465946504653
:101AA000FEF7C4FE0B46024606460F462046294670
:101AB000FEF706FDB04B9942A046A94604460D46E6
:101AC0008B4640F30C8201F13F4303F5E0030343EF
:101AD00040F0A28294A3D3E9002340464946FEF792
:101AE000EFFC3246CDE900013B4620462946FEF791
:101AF000E5FC02460B46DDE90001FFF727F9002867
:101B000040F08A824FF400715944C1F30A539B4854
:101B1000A3F2FF33C1F31302184142F48012C3F160
:101B2000140342FA03FABBF1000F00EA01034FF07D
:101B3000000230463946B8BFCAF1000AFEF7BEFCC3
:101B400002460B4606460F4640464946FEF7B8FC9D
:101B50004FEA0A5B0D46002475A3D3E90023204613
:101B60002946FEF763FE3246CDE900013B4620469A
:101B70002946FEF7A3FC02460B4640464946FEF7BF
:101B80009DFC6DA3D3E90023FEF750FE6CA3D3E9BF
:101B9000002306460F4620462946FEF747FE02462A
:101BA0000B4630463946FEF78BFCDDE900890646D8
:101BB0000F4602460B4640464946FEF781FC424628
:101BC0004B4604460D46FEF779FC02460B4630466E
:101BD0003946FEF773FC2246804689462B4620464E
:101BE0002946FEF723FE58A3D3E9002306460F46F5
:101BF000FEF71CFE56A3D3E90023FEF75FFC324636
:101C00003B46FEF713FE54A3D3E90023FEF758FC2E
:101C100032463B46FEF70AFE51A3D3E90023FEF706
:101C20004DFC32463B46FEF701FE4FA3D3E90023AD
:101C3000FEF746FC32463B46FEF7F8FD02460B46F1
:101C400020462946FEF73AFC06460F4602460B465A
:101C500020462946FEF7EAFD0022CDE900014FF0BB
:101C6000804330463946FEF729FC02460B46DDE943
:101C70000001FEF705FF424606460F464B4620464A
:101C80002946FEF7D3FD42464B46FEF719FC0246B5
:101C90000B4630463946FEF711FC22462B46FEF72E
:101CA0000DFC02460B4600203149FEF707FC0C46AE
:101CB0005C44B4F5801FC0F223822146DDE9042391
:101CC000FEF7B4FD07E006F1404606F580161E4318
:101CD00007D12749002013B0BDE8F08F0BB9B742F8
:101CE00005D9274813B0BDE8F04F07F087BB7FF454
:101CF000CEAC002CF5D1234B9E4240F28581BAF147
:101D0000000FC0F2DB8020462946E4E718488742EE
:101D100040F0D780BAF1000FC0F2CE81404649466C
:101D2000D9E700BFAFF30080FE822B654715973CD3
:101D300000000000432EE63FEF39FAFE422EE63F58
:101D4000396CA80C615C20BED0A4BE726937663EB7
:101D5000F16BD2C541BDBB3E2CDE25AF6A56113FAB
:101D600093BDBE166CC1663F3E5555555555C53F92
:101D70000000F03F0000F0BFFFFF8F400000F0FFC9
:101D8000701E0108FFFFEF3FBF48874270D8BF4871
:101D900087420DD93815A0F2FF30142840F349814D
:101DA000C0F1340021FA00FC0CFA00F088422AD07D
:101DB000002940F0B780BAF1804F2FD00091404603
:101DC00049460493029207F00FFB049B029A2BB939
:101DD000AF4B2BF0404C9C4532D08EB3DDF800C0A9
:101DE0004FEADB73013B0A935CEA03037FF467ACC1
:101DF00042464B4610461946FEF760FB02460B462C
:101E0000FEF73EFE67E70CF0010CCCF102000090FB
:101E100000297FF445ACBAF1804FD0D142464B4601
:101E200040464946FEF702FD55E7002C7FF44BAFD4
:101E300006F1404202F580121A433FF44AAF5AE7D6
:101E4000BAF1000F05DA02460B4600209049FEF772
:101E500017FEBBF1000FBFF63EAF009B06F14046F8
:101E600006F580161E4340F0318102460B46C1E75D
:101E7000002900F04981404649460293009207F04C
:101E8000B3FA029B009A002B00F01D8102230093FD
:101E900000230A937F4B9F427C4B4FD99E420AD925
:101EA000BAF1000F0ADD6CA3D3E9002310461946EE
:101EB000FEF7BCFC0FE7BAF1000FF4DB00200021B5
:101EC00009E7BAF1804FA9D0734882457FF476AF15
:101ED0004046494613B0BDE8F04F07F0C3B9DFF8FC
:101EE000BCC121F00043634540F2DE806C4B0B44E3
:101EF00003430AD132463B46FEF7E0FA42464B46E0
:101F0000FEF71AFF00283FF4FDAD55A3D3E90023E7
:101F1000DDE90401FEF78AFC51A3D3E90023FEF7B3
:101F200085FCD8E6404649460093029207F05CFAE9
:101F3000009B002B7FF45CAF029A49E79E42BAD324
:101F4000534B9E42ACD8524B0022FEF7B7FA46A341
:101F5000D3E9002306460F46FEF768FC44A3D3E905
:101F600000238046894630463946FEF75FFC4D4BDC
:101F700082468B46002230463946FEF757FC024621
:101F80000B463DA1D1E90001FEF798FA32463B46E7
:101F9000FEF74CFC02460B4600203F49FEF78EFA46
:101FA0003246CDE902013B4630463946FEF73EFC5B
:101FB00002460B46DDE90201FEF738FC30A3D3E907
:101FC0000023FEF733FC02460B4650465946FEF707
:101FD00075FA02460B4606460F4640464946FEF74E
:101FE0006FFA002042464B4682468B46FEF766FA61
:101FF00002460B4630463946FEF760FACDE902014B
:1020000020E50026FFF76CBBBAF1000FBFF656AF14
:10201000204605F100415EE60FA3D3E90023DDE988
:102020000401FEF703FC0CA3D3E90023FEF7FEFB3B
:1020300051E600297FF476AFC0F1140047FA00FCA6
:102040000CFA00F0B84266D0114887423FF462AE05
:10205000B1E600BFAFF300809C7500883CE4377E9A
:1020600059F3F8C21F6EA501000000604715F73F45
:1020700044DF5DF80BAE543E555555555555D53F8B
:10208000FE822B654715F73FFFFF3F43FFFFEF3F02
:102090000000F03F0000F0430000E03FFFCB904025
:1020A00000346F3F0000D03F294A934241D8DDE918
:1020B0000023934692464EE542464B462549002072
:1020C000FEF7DEFC07E60223009381E6009B012B6E
:1020D0007FF401AE01F100431946FCE518A3D3E9F2
:1020E0000023CDE9082318A3D3E90023CDE9102369
:1020F000194B0022CDE906234FF48027FFF711BBCF
:10210000524600F02DF8D9E5BAF1804F3FF486AE83
:102110000221009153E60F498F423FF4FBADBAF123
:10212000804F3FF47BAE0CF0010CCCF1020100912A
:1021300045E61B15A3F2FE334FF480111941E3E489
:102140000000004003B8E23F06D0CF43EBFD4C3E19
:102150000000E03F0000F03F0000F83F00000000FA
:10216000F8B5C1F30A5604460D4617460B463EBB6A
:1021700021F00043034322D02B4B0022FEF756FBF5
:102180002A4B9F4204460D4637DBC1F30A560B46E5
:10219000363EBA1940F2FE718A4219DC002A32DC5E
:1021A00012F1350F20DB23F0FF43363223F4E00336
:1021B00043EA025120461E4B0022FEF737FBF8BDD2
:1021C00040F2FF729642E4D10246FEF779F9F8BD7B
:1021D00011A3D3E90023ED0F1C4665F3DF742146FC
:1021E0001448FEF723FBF8BD05F0004343F0D2711D
:1021F00041F4B731104841F01F0109A3D3E900238E
:10220000FEF714FBF8BD23F0FF4323F4E003204660
:1022100043EA0251F8BD00BF9C7500883CE4377E5C
:1022200059F3F8C21F6EA50100005043B03CFFFFF8
:102230000000903C9C75008859F3F8C20000000033
:102240002DE9F04F016C9FB016461F46CDE904679B
:102250002B9D039049B1426C4A6001239340044690
:102260008B6009F011FC00232364B7F10009B4BFAF
:10227000012300232B60764BBCBF29F00049CDF829
:10228000149033EA090300F0AA80DDE90434002247
:10229000184621460023CDE90801FEF72FFD8046B0
:1022A00068B12A9A012313602C9B13B12C9A694BB5
:1022B0001360694B0A930A981FB0BDE8F08F1CABFE
:1022C00001931DAB00930398DDE9082309F010FF8B
:1022D0005FEA1955824640F09880DDE91C85454447
:1022E00005F23243202B40F38383C3F1400309FA04
:1022F00003F905F2124326FA03F349EA0300FEF755
:102300001BFA0123013DA1F1F8711193534B0022F7
:10231000FEF7D4F848A3D3E90023FEF787FA48A3D1
:10232000D3E90023FEF7CCF8064628460F46FEF711
:1023300013FA45A3D3E90023FEF778FA02460B46C9
:1023400030463946FEF7BCF806460F46FEF71EFD3E
:1023500000228346002330463946FEF7D9FC002888
:1023600040F01A83A8EB0508BBF1160F08F1FF3403
:1023700000F28B813A4D05EBCB05D5E90023DDE971
:102380000801FEF7C5FC002870D00023002C0BF1DB
:10239000FF3B1093C0F27E8100230B93BBF1000F33
:1023A0006ADA0B9BA3EB0B030B93CBF10003CDE994
:1023B0000EB3289B092B4FF0000B65D8052B40F37B
:1023C0001C83043B28930025289B023B032B00F22F
:1023D0002386DFE813F060045D04540438042A9A6D
:1023E000C9F3130942F20F7359EA060913601CD1AD
:1023F0002C9B002B00F02B861A4B0A9308332C9A47
:102400000A9813601FB0BDE8F08FDDE90812C2F32F
:102410001303084643F07F51CDF84480A5F2FF3501
:10242000DDF8708041F4401170E72C9B002B40F0E8
:10243000E7830D4B0A933EE761436F63A787D23F63
:10244000B3C8608B288AC63FFB799F501344D33FA3
:102450000000F07F611D0108601D01080000F83FC9
:10246000B0170108841D0108901D0108B8F1000F84
:1024700040F3608410900B9000230F93289BCDF8BD
:1024800038B0092B5C4499D90023CDE928330125C4
:102490004FF0FF330C950693039B00215964069B74
:1024A0001893039809F0CAFA0A90002800F0BD8535
:1024B000039B0A9A1A64069B0E2B00F21581002DCD
:1024C00000F012810E9A002A40F33B84B24D02F0D4
:1024D0000F0305EBC303D3E9008913461511DA0591
:1024E00040F1FA83AD4BDDE90801D3E90823FEF79B
:1024F000C7FACDE9120105F00F0503277DB1A74EFC
:10250000EB0708D540464946D6E90023FEF78EF989
:102510000137804689466D1006F10806F0D1424623
:102520004B46DDE91201FEF7ABFA80468946109B67
:1025300043B19B4B002240464946FEF7E9FB002889
:1025400040F0F1843846FEF707F942464B46FEF765
:102550006DF9944B0022FDF7B3FF069B0646A1F1EF
:102560005077002B00F0A9800E9B1993069B1293C5
:102570000A9B894D49464046CDE914675E1CFEF72B
:1025800005FC129905EBC10353E902120746CDE998
:102590001612FEF7E1F802460B4640464946FDF7A3
:1025A0008DFF89460C993037DDE916238046FFB24E
:1025B000002900F053847C490020FEF761FADDE930
:1025C0001423FDF77BFF0A9D02460B46CDE9142339
:1025D0002F7042464B46FEF7B9FB002840F0978427
:1025E000CDE91AB4CDF858A0129DDDE914AB00274F
:1025F0002AE00137AF4280F2DE846C4B50465946E8
:102600000022FEF713F9694B002282468B464046B2
:102610004946FEF70BF989468046FEF7B7FB0446AC
:10262000FEF79AF802460B4640464946FDF746FF3C
:10263000303406F8014B52465B4680468946FEF729
:1026400067FB002840F0B48442464B4654490020C2
:10265000FDF734FF52465B46FEF75AFB0028C8D010
:10266000199BDDF858A00A9A374603F1010802E0E9
:10267000974200F07C843E4617F8013D392BF7D095
:102680000133DBB23B70454675E10123002C10930A
:10269000BFF682AEC8F101030B9300247EE63846F4
:1026A000FEF75AF842464B46FEF7C0F83D4B002273
:1026B000FDF706FF0646A1F150773D4B40464946DF
:1026C0000022FDF7FBFE32463B4680468946FEF778
:1026D0003DFB002840F05A8440464946324607F107
:1026E0000043FEF715FB28BB1D9B002BC0F2928018
:1026F0000E9A0E2A00F38E80274D0E9B05EBC30524
:10270000D5E90034CDE90434299B002B19DA069B66
:10271000002B16DC0ED1264B0022DDE90401FEF76A
:1027200085F802460B46DDE90801FEF7FBFA0028B2
:1027300000F02C844FF000090A9E4F46299BDD4390
:1027400025E2DDE90445DDE9088922462B464046BD
:102750004946FEF795F9FEF719FB0646FDF7FCFF23
:1027600022462B46FEF762F80A9F0B460246494670
:102770004046FDF7A3FE06F1300307F8013B069B38
:10278000012B00F012830125CDF818A09946DDE950
:1027900004ABA8462CE000BFB01701088817010859
:1027A0000000F03F00001C400000E03F000024401B
:1027B0000000144052465B4620462946FEF760F969
:1027C000FEF7E4FA0646FDF7C7FF52465B46FEF702
:1027D0002DF808F101080B46024629462046FDF770
:1027E0006DFE06F13003C84507F8013B00F0DB82BF
:1027F000B94B0022FEF71AF80022002304460D46CA
:10280000FEF77CFA0028D5D00E9DDDF818A0013522
:102810003E46B0E00C9A002A40F0D28000230F9D83
:102820000B9E0C931F4656B1002C08DDA6420B9A56
:102830003346A8BF2346D21A0B92F61AE41A0F9B0E
:1028400053B10C9B13B1002D40F0E88251460F9A12
:10285000039809F0A9FA82460398012109F0C0F90A
:102860008146BBF1000F40F0B681289B012B40F35D
:10287000CC810120204410F01F0000F09A80C0F1AC
:102880002003042B40F3DA810B9BC0F11C000344AE
:102890000B93064404440B9B002B05DD5146039823
:1028A0001A4609F0DBFA8246002C05DD49460398FA
:1028B000224609F0D3FA8146109B002B40F070812C
:1028C000069B002B40F348810C9B002B40F0A4801A
:1028D0000E9D0135DDF82880069CDDF80CB0012640
:1028E00007E0514600230A22584609F0D7F801367E
:1028F00082464946504608F0BBFEA64200F130032E
:1029000008F8013BEDDB069A002AC8BF16460A9A72
:10291000D8BF012602EB060B002451460122039882
:10292000049309F09BFA4946824609F00FFB002800
:1029300040F3E3810A9A02E05A4500F0E9815E46DD
:102940000BF1FF3B16F8013C392BF5D001338BF826
:102950000030DDF80C804946404609F095F857B143
:102960002CB1BC4203D02146404609F08DF80398B3
:10297000394609F089F80398514609F085F8002393
:1029800033702A9B1D602C9B002B3FF494AC0A985B
:102990001E601FB0BDE8F08F5846FDF7DDFE3246E1
:1029A0003B46FEF7ABF900287FF4DCAC0BF1FF3BB4
:1029B000D8E41C230B9A1A440B921E441C446AE769
:1029C000289A012A40F3A981069A0F9B551EAB4213
:1029D000C0F26B81002AA3EB050580F2DD820B9B20
:1029E000069A9E1A0398012109F0FAF807461AE799
:1029F000C3F1200306FA03F081E40125E4E439463B
:102A0000002303980A2209F049F8189B002B074677
:102A100040F3EF820E950693002E00F33F81BBF149
:102A2000000F40F0DF81B8460A9E069C731E1C44CE
:102A3000049B0C9403F00103039C0F9349465046FA
:102A400008F016FE39468346504609F07FFA4246A2
:102A500049460546204609F099FAC26801460BF13D
:102A60003003002A3AD1089050460B9309F06EFAD1
:102A700008990690204609F007F8069A0B9B002A51
:102A80005AD1289A1AB90F9A002A00F09A82002D7A
:102A900045DB0C9AB346B2420BF8013B00F0B9811A
:102AA000514600230A22204608F0F8FF4745824697
:102AB00039464FF000034FF00A02204636D008F0A6
:102AC000EDFF4146074600230A22204608F0E6FFB4
:102AD0005E468046B2E700BF00002440039806939C
:102AE00008F0D2FF002D069B06DB049A289902F01D
:102AF00001020D432A432AD151460122039804932F
:102B000009F0ACF94946824609F020FA0028049BF6
:102B100040F3E880392B00F02F820BF131030E9D3A
:102B200006F8013B3C460135474612E708F0B6FF80
:102B30005E460746804681E7002DC0F27D822899D7
:102B40000D430F990D4300F07782002AA1DD392B48
:102B500000F012820133E2E7289B022B7FF7B4AE2C
:102B6000069B002B40F01D8149460522039808F082
:102B700095FF01468146504609F0E8F9002840F3E8
:102B800010810A9E0E9D312306F8013B0135039802
:102B90004946013508F078FF002F7FF4E8AEEAE6F9
:102BA0004946504609F0D2F90028BFF689AE514691
:102BB000002303980A2208F071FF0E9B5D1E0C9BF8
:102BC0008246002B7FF41BAF189B002B40F3FF8144
:102BD0000E9D06937EE601465A46039809F0E4F8F6
:102BE000289B012B81466CDD4FF0000BD9F810308B
:102BF00009EB8303186908F0A1FFC0F1200039E652
:102C0000924B0A930333FFF7FABB049B002B7FF42C
:102C100030AEDDE90412C2F31303002B7FF429AEBA
:102C20008B4B134023B10B9B01330B9301340123D6
:102C3000BBF1000F40F0AE819B461AE63FF42BAE8D
:102C4000C0F13C03B6E601230C93299B0E9A134472
:102C500018930133012B1E460693B8BF0126172E89
:102C600040F3D581012204235B0003F11400B0423C
:102C7000114602F10102F7D9039B596411E40123C3
:102C80000C93299B002B33DD189306931E46E6E731
:102C900000230C93D9E700230C93F2E739460398FD
:102CA000324609F0DBF80746B9E60F9B069A0F9506
:102CB000EB1A9B440B9B1E46134414440B930025B4
:102CC00090E6049B002B8FD1DDE90401C1F31303CF
:102CD0000A46002B88D1A3E7DDE908230227CDE9C6
:102CE00012230BE47FF41BAFDA077FF518AF11E76F
:102CF000012329930693FFF7CFBB03D1049BDB0786
:102D00003FF518AE5E461BF8013D302BFAD020E6A9
:102D10000A9A3123013513701BE6119A002A00F03C
:102D2000F98003F233430B9A0F9D16461A441C4454
:102D30000B9257E6C8F1010304460B931090FFF77E
:102D40009BBB00F0EB800E9B424D5E4206F00F03F2
:102D500005EBC303D3E90023DDE90801FDF766FDB8
:102D60003511CDE9120100F04D813B4E00230227C1
:102D700080468946E80709D5D6E9002340464946FA
:102D8000FDF754FD01378046894601236D1006F199
:102D90000806EFD1002B7FF4CAABDDE91289FFF7FB
:102DA000C6BB0A9ECAE4DDF818A00E9D02460B467B
:102DB000FDF786FB02460B46CDE906230135DDE92A
:102DC0000423A846FDF7C2FF40B9DDE90423DDE98D
:102DD0000601FDF793FF18B1F10701D50A9A4AE4FD
:102DE0003E46C8E57968039808F028FE05460028A5
:102DF00000F026813B6902339A0007F10C010C3088
:102E0000FDF7BEFA03982946012209F027F880460B
:102E10000AE60E9D3C46013547467EE5DDF80C800E
:102E200039462A46404608F0BFFF5246014607464B
:102E3000404608F003FF51468246404608F024FE13
:102E40000F9B5B1B0F933FF407ADFFE4901D010840
:102E50000000F07FB017010888170108DDE91401B0
:102E6000FDF7E4FC0A9B1F70129B012BCDE90C01BE
:102E700000F0C680129F0A9BCDF844B01F447C4BE3
:102E8000002240464946FDF7D1FC89468046FDF7C1
:102E90007DFF8346FDF760FC0BF1300B02460B46CD
:102EA00040464946FDF70AFB06F801BBB74280469B
:102EB0008946E4D1DDF844B06E4B0022DDE90C0117
:102EC000FDF7FEFA02460B4640464946FDF73EFF37
:102ED000002867D1DDE90C2366490020FDF7EEFAF2
:102EE00002460B4640464946FDF712FF48B91D9B76
:102EF000002BFFF693AC0E9B0E2B3FF78FACFFF72A
:102F0000FCBB3E46013F16F8013C302BF9D0199D21
:102F1000013530E51C9BC3F1360304E7DDE9088980
:102F20000227FFF704BB069B002B3FF4B8AB189BAE
:102F3000002B7FF7D9AB0E9A1293013A4C4B1992A2
:102F4000404600224946FDF771FC80468946781CC0
:102F5000FDF702FC42464B46FDF768FC464B00225B
:102F6000FDF7AEFA0646A1F15077FFF701BB08F175
:102F700001083123FFF786BB0E9D0A9AB346392319
:102F80003C460BF8013B01354746D8E44FF00009B9
:102F90004F46F6E59B4629E60B9B1E461344144418
:102FA0000B931FE5199B0A9A03F10108FFF763BB16
:102FB000DDF858A0ABE7DDE91AB4DDF858A0FFF75B
:102FC00093BB392BD8D0002D3FF7A7ADA7E5289BA1
:102FD000022B0ADC189B069349460E9D08F048FB1D
:102FE0000A9A00F1300313708DE4189B06930E9536
:102FF000B6E5289B022BF8DC189B0E9506930BE593
:10300000374659E7DDE912890227FFF790BA039B9B
:1030100000215964FFF745BA039B00255D642946EA
:10302000184608F00BFD0A90A8B9144B144800226A
:103030004FF4D57109F0AAF9002A7FF770AD5BE56E
:103040000E4B0F482A4640F2EA2109F09FF90D4B3A
:103050000A93FFF730B9039B0A9A1A644FF0FF33C3
:103060000122299518930C920693FFF73DBB00BFF0
:10307000000024400000E03F00001C40941D0108B7
:10308000A81D0108841D0108F0B50646C3B00DF067
:10309000EDFE0A220023FDF711FF194F861941F1B9
:1030A000000500240DF0E2FE0A220023FDF706FFD2
:1030B000B042A94101DB43B0F0BDBB681B68CBB196
:1030C0000DF1070138469847A0B99DF807300A2B43
:1030D00008D102A908550CB90024E3E709480BF010
:1030E000A6F9F9E70D2BDDD0FE2CDBD802AA13558B
:1030F0000134D7E7002132200DF04DFED2E700BFAA
:103100000C1201089C210108F8B504460E46014640
:103110000A480B4F0BF08BF900252046FDF770F89D
:10312000854204D33046BDE8F840FFF7ADBF615D8E
:10313000BB6803485B6898470135EEE7A8210108A2
:103140000C12010808B504480DF03DFC00280CBF26
:103150006FF01200002008BD0C12010808B50348EA
:1031600041F28831FFF7D0FF002008BDB3210108EC
:1031700030B5A3B004460D460C484FF4FA61FFF792
:10318000C3FF0B4A00952346802102A806F010FDDC
:1031900002A841F28831FFF7B7FF06484FF4FA6101
:1031A000FFF7B2FF002023B030BD00BFBF210108F0
:1031B000D0210108E421010810B5AAB00B4604464D
:1031C0000092A0210D4A02A806F0F2FC02A84FF4DA
:1031D000FA61FFF799FF0A4A2346A02102A806F0E8
:1031E000E7FC02A84FF4FA61FFF78EFF054841F2B1
:1031F0008831FFF789FF00202AB010BDEF210108B8
:10320000062201082522010800B5CFB00346084A6E
:10321000009103A84FF4967106F0CAFC03A84FF47E
:10322000FA61FFF771FF00204FB05DF804FB00BFAB
:10323000372201082DE9F04F91B08407009302F086
:1032400004030293C2F3C20303F10103DDF86880B3
:10325000039205460E46059340F0BA81041D30B135
:10326000072909D86FF01B0011B0BDE8F08F01F0FD
:1032700007063444C6F10806009B4FF00009591EAA
:103280004FF0040A4FF0FF330193CDF810904F46F2
:10329000CB4653460DB1009A22600598002800F3F2
:1032A000E8809848009A824203D397488242C0F04F
:1032B000E080039AA4EB050E92074FEA9E0000F10E
:1032C00003810F2F00F2B180002D00F0058107F17E
:1032D00040020DEB020C019A0CF8200C0CF8102C9B
:1032E000049801300490E7E07A285DD84B280ED886
:1032F000472859D829282DD8252852D054D82028F5
:103300007AD02338D0F1000B4BEB000B74E04C3833
:103310002E2849D8DFE800F0704848484848484817
:10332000484848484B484848484848484859484B06
:103330004B595959704B6D487048184B1848488282
:103340007F4B48484B487F0000204FF0000B4FF068
:10335000040A38E02A38C0B2012202FA00F010EA6A
:103360000E0F49D110F0625C2FD110EA020B43D04E
:103370006046013C5444B4FBFAF40AFB04F4002D0B
:1033800061D0A3EB050CA444B4453FF66BAF002815
:1033900068D1042B47D158F8043B2360043404233C
:1033A0002AE0019A013A01924FF0000B24E011F853
:1033B000010C6C2834D111F8023C00206C2B8346A0
:1033C000C5D14FF0080A5346D3E708F1070828F0A3
:1033D00007080734F8E802AB24F0070435B1069873
:1033E0002044B0423FF63EAFC4E900AB08344FF092
:1033F000000B4FF0080A534611F8010F002878D04F
:10340000BBF1000F7FF470AF2528F5D1019B01338C
:1034100001934FF0010B4FF0040AECE7584694E794
:1034200000208346A5E7082B02D06FF015001BE7AC
:1034300008F1070828F00708F8E80223C4E9002388
:1034400008340823D8E768B9042B02D108F104082E
:10345000A4E7082BE9D108F1070828F0070808F1CC
:103460000808EDE7059A013A059258F8042B0092F6
:1034700010E7039A900720D5A4EB050E4FEA9E00B3
:103480004FF0010CBEF5007FCFD20F2FCDD8F5B194
:1034900007F140020DEB020EC0B2019A0EF8200CAB
:1034A0000EF8102CBCF1000F3FF41AAF60F07F0053
:1034B0000EF8200C09F101090137C5F108020434A6
:1034C00006924FF6DA7E97E74FF0000CDAE7BCF190
:1034D000000F01D00136EFE7029802360028EBD149
:1034E0000098CDE90631FCF78BFEDDE90631064494
:1034F000E2E7631BB3F5806F97D23DB9A6F10804EC
:10350000E018B1E6AC0F010854300108029A2860B7
:103510009B082B709DF81030C2B1EB7085F80290BB
:10352000B9F1000F05D008A80022C5F1010C97429F
:103530000ED1C5F101030DF120084FF0000A0193EF
:103540000DF1300B574512D1601B8DE66B70E5E72E
:1035500010F8013B190608D50CEB040EB64503F034
:103560007F033FF67FAE04F8013B0132DFE7B9F19C
:10357000000F03D098F90020002A17DB029BD3B17B
:103580001AF80B2004F8012B0022019B1819104493
:10359000B0423FF667AE98F8000004F8010B0099BE
:1035A00003922046FCF7ECFE039A14440AF1010A48
:1035B00008F10108C6E798F8002055F8223000937A
:1035C000029B45F822300098FCF71AFE421CDCE70B
:1035D0006FF00D0048E600BF2DE9F04F97B000AF47
:1035E00090F802A0D7F880B03B62CBF3C00304464A
:1035F000FA62BB61894641B9457800780AEB8000E0
:1036000020444D4517D8A0EB0409E378FB61BAF1DB
:10361000000F02D01BF0010F16D1FB6953BBFB6AF0
:103620001BB13A6A4946204698474D4628465C37C2
:10363000BD46BDE8F08F461C3046FCF7E1FD013089
:10364000304409F10109DCE7237862687A62FA6A9A
:103650009900796104EB8301002A40F000814D4616
:103660000E4601EB0A094FF000084E454CD101EB24
:103670000A0610E01BF0020FD1D023789A007A617D
:1036800062687A62FA6A04EB8301002A77D14D46B8
:1036900001EB0A0690461BF0050F0CBF0223012325
:1036A000FB62FB6906EB430A0BF00203BB62564563
:1036B000BCD016F8021B16F8013C54F82390994B25
:1036C000994502D3984B994536D3BB69002B40D01E
:1036D000786A0AF073FE00283BD0E9468AB06A4651
:1036E000924B53617B6AC2E906314FF40073138435
:1036F0008F4B42F8103F8F4800234FF4125101F0D6
:1037000041F8023DCD46D2E716F8013BF96254F884
:103710002300FCF775FDD7F88430F96A01304BB10E
:10372000D7F8883098453EBFD7F8843023F8180082
:1037300008F10108054498E7BB6923B1786A0AF0EB
:103740003DFE0028C9D11BF0010F05D1FB6AED1A1F
:10375000ADE7BB6A002BAAD04846FCF751FDD7F86D
:10376000843053B1D7F8883098453FBFD7F88420CC
:10377000431C22F8183008F10108054497E7BAF114
:10378000000F72D01BF0040672D0D046002607F15D
:10379000480052463B61B962FCF7F2FDB96A3B69E9
:1037A00001EB0A02BA62FA69F9695200FA60BA6A70
:1037B00002EB41023A610BF00202BA603A69B96A5F
:1037C0008A4257D162787A621BF0020F32440CBFF2
:1037D0004FEA580100211BF0010FD2B240F09F8048
:1037E0001BF0040F14BF40460020BB616270A07044
:1037F000E1703A6A7969FB6A20469847051EFFF630
:1038000015AFBB6923707B6A6370FB69E370414647
:103810003A6AFB6A84F802A007F148009847B0F1C1
:103820000008C0F2BB807B693A6AA9EB0A01C91A99
:10383000FB68C91AD7E90A0398470028C0F2B0808C
:10384000A84408EB00054FF0000B07F1380AB34518
:1038500072D300213A6AFB6A08469847E6E6564664
:103860004FF0000807F1380093E75646D04697E737
:10387000B04695E7BA6A12F8021BBA6212F8015C08
:10388000284A54F82500904202D3274A90421ED37A
:10389000BA6932B1786A7B600AF090FD7B680028D3
:1038A0008CD1BA6802BB08F1280207F1300C08F18C
:1038B0000100944407F1580252FA80F008F102081E
:1038C0000CF8101C5FFA88F800F8105C76E7BA690B
:1038D0003AB1786A7B600AF071FD7B6800287FF45A
:1038E0006DAF1BF0010F09D006F1280207F130007F
:1038F000711C161806F8205CCEB25FE71BF0040FAF
:103900003FF45CAF08F1280207F1300008F1010133
:1039100002EB000808F8105C5FFA81F84EE700201F
:1039200063E700BFAC0F0108543001084B220108C7
:1039300004000001B41601081BF80A3087F837307C
:1039400054F82390D7F884302BB3D7F888309B45B0
:1039500021D2D7F8843033F81B803A6AFB6A012100
:1039600007F13700984700281ADB0544B8F1000F2B
:1039700006D14846FCF744FC00F101081FFA88F81C
:103980003A6AFB6A414648469847002808DB0544E6
:103990000BF1010B5BE74FF00008DEE7454645E61B
:1039A000054643E6014B1860704700BFAC06002097
:1039B00030B587B00025CDE903010446009503A981
:1039C0000548059500F06EF8DDE904309842B8BF6F
:1039D000255407B030BD00BF0BE40008F0B5094E18
:1039E000016802460A2700200B4601311C78355D2C
:1039F0006D0701D41360F0BD07FB0043A3F1300055
:103A0000F2E700BF1D1C01082DE9F84F15469A4644
:103A1000D378234A12F803B06F2B81460F460BF080
:103A2000030B2BD026D8582B0CBF10260A26DDF806
:103A300028803246002348463946FDF73FFA092AD6
:103A400008F1FF38D4B21ED83034B145E4B277F172
:103A5000000788F8004001D3D04511D82B789B0689
:103A600005D5082E15D1AB7843F00803AB7040465E
:103A7000BDE8F88F03F0F703702BD5E70826D6E7EB
:103A800081460F46D5E7BBF1010F0CBF37345734E1
:103A9000DBE7102EEBD1AB7843F01003E6E700BF75
:103AA0001D1C01082DE9F04F97B08A460390164679
:103AB0001C460025307808B9284656E325280AD048
:103AC000039B514698470028C0F24F83731C013571
:103AD0000493049EEEE71822002110A805F0F8FFD9
:103AE0007378252B00F0A3800023711C98469E4616
:103AF0009C4618460F4611F8012B2B2A00F0C68071
:103B000000F2BD80202A00F0C480232A00F0C48087
:103B10002BB19DF8483043F040038DF84830B8F1A0
:103B2000000F05D09DF8483043F020038DF8483051
:103B3000BEF1000F05D09DF8483043F010038DF81A
:103B40004830BCF1000F05D09DF8483043F0080321
:103B50008DF8483028B19DF8483043F004038DF8C3
:103B600048309DF8483003F04401442903D16FF3F5
:103B700086138DF848309DF84830099743F080034C
:103B80002A2A8DF8483040F08C809DF8493043F067
:103B900001038DF849307B1C1A782E2A9DF84920A4
:103BA0000CBF0121002161F341028DF849200CD1A5
:103BB0005A1C09925A782A2A40F083809DF849209D
:103BC00042F004028DF8492002331A786C2A00F082
:103BD000A48000F28680682A00F08C806A2A00F0B7
:103BE000A5804C2A00F0AA801A4612F8013B0492E4
:103BF000782B9DF849208DF84B3000F217816D2B02
:103C000000F2A980692B00F21181572B00F2BE80CF
:103C1000412B03D0453B022B00F208819DF84A302E
:103C2000042262F302038DF84A300123CAE08DF8C2
:103C30004B30B31C04939DF84930D90740F1FD8007
:103C400054F8048BB8F1000F07DA9DF8482042F0D1
:103C500004028DF84820C8F100085A0740F1F680A8
:103C600054F804BBBBF1000F80F2F5809DF8493099
:103C70006FF341038DF849304FF0FF3BEBE02D2A05
:103C80000DD0302A7FF444AF012333E74FF0010C0D
:103C900030E74FF0010E2DE74FF001082AE7012031
:103CA00028E709A8FFF79AFE099BBB423FF474AFCF
:103CB0009DF848201390C00F60F341028DF8482012
:103CC0006AE709A8FFF78AFE9DF848301490C3F30D
:103CD000400242EAD07262F341038DF84830099BFA
:103CE00073E7742A26D07A2A7FF47EAF9DF84920A4
:103CF00006210CE05A78682A9DF8492006D1012156
:103D000061F3C6028DF8492002336DE7022161F3A9
:103D1000C6028DF84920013366E75A786C2A9DF86F
:103D2000492001D10421EBE70321F0E79DF8492068
:103D30000521ECE79DF849200721E8E7BDF8482078
:103D400022F4F04222F0020242F4804242F00202E7
:103D5000ADF84820DFE76E3BD9B201238B4040F23B
:103D600082410B4238D113F0240F52D1DF075DD5C9
:103D70009DF84A30032161F302038DF84A3002F0C6
:103D80007803A3F14000434243411BE0A3F15801F3
:103D9000C9B2012000FA01F111F4624F7FF43EAF85
:103DA00040F6010739421DD111F4043F3ED09DF881
:103DB0004A3060F3020302F07802402A8DF84A305C
:103DC00034D000239DF84820C2F340010B4363F335
:103DD00041028DF848202EE79DF84A30022161F318
:103DE0000203E8E79DF84A10022002F0780260F32F
:103DF0000201402A8DF84A1002BF9DF8481041F098
:103E000001018DF84810632BDBD1131E18BF01236D
:103E1000D8E79DF84A30032161F3020312F0780FCE
:103E20008DF84A3014BF01230023CBE79DF84830BA
:103E300043F001038DF84830C3E79DF94820002A7C
:103E4000B4BFDDF84C804FF0FF3806E79F077FF5E1
:103E500013AFDDF850B09DF849100023CDE91333BE
:103E60009DF84A3003F00703012BC1F3C30132D19F
:103E7000CB1E042B04D8DFE803F0204545202000AA
:103E8000236801294FEAE372CDE910321BD19DF975
:103E90004030DA17CDE9103204349DF8483013F081
:103EA00003074FD0049B0398324651460AF0E3FAC9
:103EB0000028C0F25A8105440BE654F8043BDA1797
:103EC000CDE91032E9E70229E6D11AB243F3C03353
:103ED000CDE91023E0E7022B24D1CB1E042B04D81C
:103EE000DFE803F0181010181800012954F8043BFB
:103EF0004FF0000214D00229CDE91032CDD19BB28F
:103F00001093CAE7073424F00704F4E80223CDE94C
:103F10001023C2E754F8043B109300231193BCE72D
:103F2000DBB2CDE7042B08D1073424F00704D4E931
:103F300000230834CDE91023AFE7032BADD154F8AB
:103F4000043BDDE79DF84B0078283FF6C2AD6228C0
:103F50001ED8252850D058287FF4BBAD0DF13E0364
:103F60000093DDE910010AAB12AAFFF74DFDBBF18A
:103F7000000F814680F2C280B9F1000F3FF4A9AD75
:103F80000DF13E06A6EB0903002F7BD0013379E04B
:103F9000633815283FF69DAD01A252F820F000BF0E
:103FA00073400008D1400008D33A0008D33A000813
:103FB000D33A0008D33A0008D1400008D33A0008A9
:103FC000D33A0008D33A0008D33A00081F4100084A
:103FD000F740000831400008D33A0008D33A0008FF
:103FE00009400008D33A0008F7400008D33A000817
:103FF000D33A0008F7400008039B51469847002831
:10400000C0F2B380013564E5BBF1000FDDF84090EC
:104010000ADB5946484605F00FFEB9F1000F3FF4A0
:1040200058AD09EB000620E04846FCF7E9F8F8E750
:104030001098002800F087800DF13E060AAB00962C
:1040400012AA0021FFF7E0FCBDF84A3003F0EF03AD
:1040500043F4F04343F01003BBF1000F8146ADF889
:104060004A304ADA00283FF434ADA6EB09030027B2
:1040700008E0109B8DF8283000270DF129060DF17E
:10408000280901239DF84A1011F01002069260D011
:104090000233139A059213444A0644BF14995B18DD
:1040A000B8F1000F6EDDA8EB03089DF84830580703
:1040B000C3F3800B66D459065AD53FB1039B5146D2
:1040C00038469847002850DB01355F46302350E0E2
:1040D0001E075CBFC3F300135F01DDE9102348BF77
:1040E0002B27002BBFF63AAF524263EB4303CDE9D7
:1040F00010232D2732E7002730E700279DF84810CE
:104100000DF13E03A3EB09036FF386119B458DF878
:1041100048107FF631AFABEB030313932CE7109BF2
:1041200007293FF6D6ACDFE801F00C04060C0808BE
:104130000C0C1D70CDE41D80CBE4EA17C3E90052DE
:10414000C7E41D60C5E4314E0746A6F10509052305
:1041500098E7080748BF01339BE718460793514685
:10416000039B98470028079B04DA17B0BDE8F08F3F
:104170002023C346594600290BF1FF3BEDDC4544A3
:104180006D1AD84637B1039B5146384698470028E8
:10419000EBDB01359DF84A30DA0601D41B0706D562
:1041A000039B5146302098470028DEDB0135069BF3
:1041B0003BB19DF84B00039B514698470028D4DB48
:1041C0000135059F2F4406E0039B51463020984758
:1041D0000028CADB01357B1B002BF5DC0398334636
:1041E0004A4651460AF047F90028BEDB0544A84478
:1041F000A8EB0503002B7FF76CAC039B51462020F6
:1042000098470028B1DB0135F2E700BF042301081D
:10421000034A536823F0020353600020704700BF35
:10422000002004E0084B1A6842F480721A601A6891
:1042300042F400721A601A6842F480621A60034BFA
:10424000034A1A60704700BF003C02404C07002040
:104250000024F4002DE9F047DFF8588004460746B3
:104260004FF0010914B93846BDE8F08794FAA4F577
:10427000B5FA85F509FA05F32E0108EB05156FEA85
:10428000030A24EA03042B7B002BEBD058F80630FA
:104290001B694BB94644042273682846196807EA2B
:1042A0000A070AF0D7FCDDE7284698470028D9D14D
:1042B000F0E700BF3417010830B51049104889B045
:1042C00000220CF01BFE0F4D0F4900220023CDE908
:1042D000062300240E23CDE90334CDE901440B4B22
:1042E00000944FF44072284604F0BEF8084928466E
:1042F0000CF09FFC204609B030BD00BF15430008FC
:10430000080F0020800A0020C01400203146000859
:1043100019230108014803F0D5BF00BFB4090020EC
:104320002DE9F047804620480F460AF06BFC064610
:10433000002832D000252846BDE8F087237B83B1D2
:104340002368DB680BB120469847636883F80690C2
:1043500023681B69CBB963680422196820460AF0F8
:1043600079FC013610345445E8D3B8F1000FE2D09F
:10437000002DDFD02846FFF76DFF0546002FF7D050
:10438000002164200CF007FDF2E720469847002842
:10439000E1D009FA06F31D43E3E7044CDFF810A06F
:1043A00005464FF00109DEE790110020341701089F
:1043B00044170108014B53F8200070478C1801087E
:1043C00008B5034608462BB1044A136000F074FC9C
:1043D000002008BD6FF01500FBE700BFB00600200D
:1043E00010B5044C237813B9034803F06BFF012385
:1043F000237010BD84140020B409002010B50446B9
:104400000B480AF0FFFB5CB1BFF35B8F094B53E82D
:10441000001F013943E80012002AF8D1BFF35B8F77
:1044200005480CF077FD0548BDE8104003F04ABF91
:10443000881100208C110020080F0020B4090020F2
:104440000020064BBFF35B8F014653E8000F43E8A3
:104450000012002AF9D1BFF35B8F7047881100204A
:1044600070B5FFF7EDFF084C084E0546B44200D387
:1044700070BD63685B792BB123685B6813B1294613
:10448000204698471034F1E7341701084417010813
:1044900010B5044C044920460AF007F9034B1C6090
:1044A00010BD00BF140900207818010880110020F9
:1044B0000D4A0E48002310B513700D4A13600D4AC3
:1044C0004FF47A711360FFF77BFFFFF7E1FF0A4BB0
:1044D0000A4918468B4200D310BD1A1A5C681211A3
:1044E000013222711033F5E7851400201FEC00081B
:1044F000881100208C11002034170108441701088E
:1045000001460022014800230AF0F0B814090020F7
:1045100001480AF089B900BF14090020024B014686
:1045200018680AF0D5B900BF8011002001480AF0D0
:104530000ABA00BF1409002070B5264B187800286D
:1045400046D0FFF7E5FF054600283ED1224B234C1D
:104550001B68002B12DD0CF089FC0A220023FCF7FB
:10456000ADFCD4E90032C01A40F2E93361EB02013C
:10457000984271F1000101D3FFF772FFD4E90032D4
:1045800013F57A7342F10002C4E90032BDE87040CD
:10459000FFF7CCBF63685B7923B1236829461B68AA
:1045A000204698471034B442F4D32846FFF7B6FFAC
:1045B000BFF35B8F0A4B53E8001F013943E8001239
:1045C000002AF8D1BFF35B8FC0E7064C064EEAE73E
:1045D00070BD00BF8414002088110020000F00204F
:1045E0008C110020341701084417010870B50D4DD7
:1045F000297861B90120FFF793FE0B4C0B4EB442B2
:1046000006D3FFF799FF0028FBD101232B7070BD63
:1046100063685B791BB1236820469B689847103418
:10462000EDE700BF85140020341701084417010886
:1046300000212DE9F0470846FFF772FE044648B313
:104640004FF4FA784FF0000904F0CEF91A4B1860D5
:1046500030B11A4B1B68092B02DD194803F032FEFA
:10466000184FDFF85CA0002544B12046FFF7F2FDAB
:10467000044618B94FF0FF384FF0FF39FFF75CFFE1
:10468000064628B9B5B942464B46504603F04EFEA1
:104690003546E9E74FF0FF384FF0FF39D4E72B6894
:1046A0009B691BB100221146284698471035BD4230
:1046B000F5D3E8E7044DFAE7841100208C110020BF
:1046C000B4090020441701083417010813B518482D
:1046D0000AF098FA174B1B7873B1EFF3118410238B
:1046E00083F31288BFF36F8FFFF726FF84F31188DF
:1046F000BFF36F8F02B010BD0F4B1B68002BF9D0BA
:1047000050B900220023CDE900230C4842F2107278
:10471000002304F06BFCEDE70928EBD107480CF00F
:10472000F9FB074802B0BDE8104003F0CBBD00BF65
:104730008C1100208514002084110020080F002017
:10474000B409002010B5064B1B6804469847214663
:10475000A06004480AF049F8BDE81040FFF7B6BF72
:10476000B006002014090020044A054B9B1AB1EB47
:10477000D30F34BF52F8310000207047AC16010847
:10478000341701082DE9F04F8FB004AFC1F34A2868
:10479000B8600D4691467B600C0DB8F1000F63D0F8
:1047A000002607F114034FF0040B4FF00A0AC7F874
:1047B0000C80C7E907667E620193CDF808B0CDF89A
:1047C00000A007F11C03F96832464846FEF704FFD3
:1047D000B0F5006F03461CD36C468AB0D9F80410BC
:1047E00004AB2648C3E9050140F2FF71D9611A46BE
:1047F0004FF400711984224B42F8103F2148334690
:104800004FF41251FFF7BEFFA5462C37BD46BDE859
:10481000F08FC0F30A0804F11700184420F00700D5
:1048200080083B60FFF76CFE68F35325044690B1A7
:104830003B68154AC7E9083600F1100107F1140377
:10484000F961CDE900A3CDF808B0F96807F11C03C0
:104850004846FEF7C1FE68F353257B68B9682A46CF
:1048600020460AF017FAD0E704F1170020F00700FD
:104870008008FFF745FE0446EDE700BF2E23010840
:1048800004000001DC16010867EC00082DE9F04F78
:1048900087B0DDE91279DDE9105A044603919346A9
:1048A0009846BFB1CDF800903B46524610210020FB
:1048B000CDF81490FEF7BEFCB0F5006F06460AD3A3
:1048C000184A194840F2FF73022107B0BDE8F04FC3
:1048D0000AF039BA3E4605F11700304420F00700CF
:1048E00004F007048008FFF70BFE0BF0070BE40051
:1048F00044EA8B1444EA462444EA0554054640B190
:104900003FB1CDF800903B46524631461030FEF79D
:1049100091FC039943462246284607B0BDE8F04F74
:104920000AF0B8B96D230108DC160108406820B10F
:10493000034BC01A40F3CF0070474FF0FF30704771
:10494000AC1601080EB403B503AB014653F8042BB3
:10495000044801930AF01CFA02B05DF804EB03B0BE
:10496000704700BF9FED0008CA0605D48B064CBFF8
:1049700002490349FFF7E6BF704700BF2322010841
:10498000222201082DE9F04F89B09A46149B069324
:104990009DF84CB0159B0593169B179E04930446F7
:1049A0000D469046BBF1000F00F09D8006F4807329
:1049B00007930AF04DF906F00209024600283ED09E
:1049C00092492046FFF7BEFF0746B9F1000F08D015
:1049D00016F0440F35D18E492A462046FFF7B2FF24
:1049E000074406F0010353B18A4B8B4953F82B203F
:1049F0008A4B2046002A08BF1A46FFF7A3FF06F499
:104A00008073002B49D006F00803002B63D1B8F166
:104A1000000F66D0824942462046FFF793FF0546C5
:104A2000069B3D44002B6DD1049B002B73D1F307F3
:104A300000F1E58031462046FFF796FFD9E00746B2
:104A4000C3E7784B18680028CAD0774B4FF47A79BF
:104A50001B68B5FBF3F54FF46163B5FBF0F100FBA8
:104A6000115509FB05F54FF03C0CB1FBF3F203FBCC
:104A70001211B5FBF0FEB1FBFCF300FB1E550CFB65
:104A8000131109FB05F50091B5FBF0F56749CDE978
:104A900001E52046FFF756FFA2E706F00803EBB159
:104AA000634B644953F82B202046FFF74BFF054624
:104AB000B8F1000F05D05A4942462046FFF742FFA1
:104AC0000544BAF1000FABD05B4952462046FFF7D0
:104AD00039FF0544A4E74FF0000AE1E706F00805B6
:104AE000E6E745469CE7BAF1010F069B06D1002B8D
:104AF00065D1049B002B7CD000250CE0002BF8D066
:104B00004E485DE04E48069B4E49224609F025FC82
:104B1000049B002B69D0DFF83081DFF83091049FCF
:104B20003146102F204628BF1027FFF71DFF4FF0FA
:104B3000000A554546DC059B49461A782046FFF792
:104B400001FF4FF0010A1AF0070F03D1414620463A
:104B5000FFF7F8FE57453CD9059B494613F80A2054
:104B60002046FFF7EFFE0AF1010ABAF1100FEAD171
:104B7000374920464FF0000AFFF7E4FE5246059BF6
:104B80009A5C344B995C11F0970F08BF2E22324982
:104B90002046FFF7D7FE0AF1010ABAF1100F1DD027
:104BA0001AF0070F03D141462046FFF7CBFE5745C9
:104BB0005246E4D841462046FFF7C4FEEBE72048C2
:104BC0005D46A0E741462046FFF7BCFE0AF1010A18
:104BD000AFE722492046FFF7B5FEC4E7059B3B44FB
:104BE0000593049BDB1B049399D1BBF1000F7FF469
:104BF0001EAF204609B0BDE8F04F0AF0BCB8074A26
:104C000005492046FFF79EFE14E700BFAA230108CE
:104C1000AE2301089C180108B0210108A523010852
:104C2000D32301089811002094110020B723010814
:104C3000B0180108D7230108DD230108D5ED0008CD
:104C40009FED000891ED0008EA230108E223010826
:104C5000EC2301081D1C0108EE230108E8230108CC
:104C600073B542F20F738B4228BF0B4605680F4A9B
:104C700004460521684609F0E7FB63680C495B6858
:104C800006460B2228460AF068F8636832466946F1
:104C900028465B680AF061F8636806495B681B2276
:104CA00028460AF05AF802B070BD00BF712B010807
:104CB0000D240108F1230108074A00210123904235
:104CC00006D8064A01B901231360054B18607047E6
:104CD00040085B000121F2E740420F0094110020E0
:104CE00098110020F8B5074F0D4604464618B44207
:104CF00001D12846F8BD14F8011BBB6801485B6868
:104D00009847F4E7EC110108014B0360002070475D
:104D1000F81801082DE9F047064600AF0C460029B7
:104D200036D0E9468AB0D1E90012A3686D46214821
:104D3000A8464FF0050AC5E90501C5E9072348F86B
:104D400010AF1D48424600234FF42151FFF71AFDD2
:104D5000CD46D4E903126369AD461848C5F810A0E2
:104D6000C5E90501C5E907231348002342464FF46E
:104D70002151FFF707FDCD46E369114A0E48012195
:104D800009F0E1FFA3690F4A0B48012109F0DBFF9D
:104D9000012E07D1EFF305830B4A0748103B31463C
:104DA00009F0D1FF2146304602F0B8FFBD46BDE80C
:104DB000F08700BF53240108FC1601088224010873
:104DC000B1240108C0240108EE24010830BFFFF718
:104DD000FDBF00BF054B5A699B689A421FBF044A3A
:104DE000536843F080535360704700BF2014002085
:104DF00000ED00E070B5294C06460D4628482949CB
:104E00000AF06FF8A36AD9043CD5254826490AF070
:104E100068F81720A36A1A0504D5214823490AF027
:104E200060F818201D4CA36A9B0512D51C48204928
:104E30000AF057F8A36BA26A100409D51D4A184856
:104E4000012109F080FF1EB1A36A23F40043A3628D
:104E50001920124CA36A590504D5114816490AF0C5
:104E600040F81A20A36ADA050ED50D4813490AF056
:104E700038F81B20094A936A43F47F439362002366
:104E80002B7070BD1620C5E7A36A9B04F2D50448B9
:104E90000B490AF026F81C20ECE700BF00ED00E00B
:104EA000FC1601080125010817250108282501081D
:104EB0003B250108542501086925010884250108BE
:104EC0009C25010810B5204C204921480AF009F81A
:104ED000A36A990136D51E481E490AF002F81E2021
:104EE000A36ADA0104D51A481B4909F0FAFF1F200A
:104EF000154CA36A1B0304D51548184909F0F1FFA6
:104F00002120A36A590304D51148154909F0E9FF86
:104F100022200D4CA36A9A0304D50D48114909F0CB
:104F2000E0FF2320A36ADB0304D509480E4909F0FA
:104F3000D8FF2420044A936A6FEA03436FEA1343BD
:104F4000936210BD1D20CBE700ED00E0CB250108EA
:104F5000FC160108E3250108F625010810260108C2
:104F60002E260108532601086D2601082DE9F84375
:104F7000364D8046894636483649174609F0B1FF16
:104F8000AB6ADE0627D53449314809F0AAFF11245F
:104F9000AB6A1D0704D531492D4809F0A2FF122440
:104FA0002A4DAB6A980718D52D49294809F099FF71
:104FB0006E6BAB6A190646D52A4A2548334601214D
:104FC00009F0C1FEB9F1000F03D0AB6A23F08003F2
:104FD000AB62132403E01024DAE76FF015061B4DD3
:104FE000AB6ADA0704D52049194809F07AFF14247E
:104FF000AB6A9B0604D51D49154809F072FF1524BC
:10500000124B9A6AD50602D49A6A90070AD55B6851
:10501000190507D54146304600F002FA10B180F379
:1050200009880224094B9A6A920642BF5A6A22F4FE
:1050300000525A629A6A42F0FF029A6200233B7061
:105040002046BDE8F8836FF01506C2E700ED00E0EA
:10505000FC16010898260108AE260108282501083B
:10506000E1260108F92601080F2701089C250108FF
:105070002DE9F041664B8AB0D3F8048000AF0446B6
:10508000C8F30805002686F31188BFF36F8F02F07E
:105090007F43B3F17F4F07D102F00C03082B12D1ED
:1050A0005C495D4809F01DFF002634460023FB7172
:1050B000EB1E092B00F28A80DFE803F00A80837C74
:1050C00088888888888610074CBF0C460126EDE743
:1050D000524951484E4D09F004FF0023FB71EB6A21
:1050E0009A0705D54E494C4809F0FBFE002332E0F3
:1050F000EB6A002B01DA4B49F5E7EB6A5B00F5D56B
:105100004949454809F0EDFE6B69A26943F4807393
:105110006B61BFF34F8FBFF36F8F6B6932F8022C57
:1051200023F480736B61BFF34F8FBFF36F8F4DF626
:1051300002739A4208D0AB6ADBB273B3FA1D012145
:105140002046FFF713FF37E02368384A3248012131
:1051500009F0F9FD2368FA79DAB907F1080504F1D5
:10516000200C206861682A4603C20834644515464D
:10517000F7D17A6A002E45D0C2F3080121B96FEA4F
:1051800052226FEA42227A6207F108011846FFF7BD
:10519000C1FD2837BD46BDE8F081AB6A13F47F4FEF
:1051A00004D0F91D0120FFF725FE05E0AB6AB3F539
:1051B000803F9BD3FFF786FE0346CCE7FA1D002114
:1051C000BEE7F91D0020EEE719498CE7194A1A4B92
:1051D00018F4F87FE8468AB018BF13466A461749A4
:1051E000C2E905134FF400731384103D144BD561CD
:1051F00042F8103F084800234FF41151FFF7C2FA5C
:10520000C54673E722F4FF7222F00102BBE700BF3C
:1052100000ED00E05C270108FC1601088727010863
:105220009E270108BF270108CD270108EC270108A8
:1052300008280108432701082E2701082C28010807
:1052400004000001044B5A6942F010025A615A6985
:1052500022F008025A61704700ED00E0EFF3088089
:10526000EFF3098101B57246FFF702FF01BD00BFF0
:105270000A4880F30888102080F3118808484FF40A
:105280000461401880F30988EFF314800221084379
:1052900080F31488BFF36F8F00F08AF80036002087
:1052A000401C0020084B9B6883420BD1EFF3058321
:1052B00043B1064B5A6842F080525A605A6A22F44F
:1052C00000425A6203F096BB2014002000ED00E07B
:1052D00012498A684FF030001044EFF3098C80E8DF
:1052E000F01F102080F31288BFF36F8F0C4F4FF028
:1052F00000664A698A603E60506F0023536780F3FE
:10530000118804B5104600F0EBF8BDE8044002F146
:10531000300090E8F01F8CF30988704720140020BB
:1053200004ED00E01EF0040F0CBFEFF30880EFF374
:105330000980816911F8021C0229FFD001B572466B
:1053400009F0C4FD01BD00BF40B2002807DB044ADC
:105350004109012300F01F00834042F821307047CB
:1053600000E100E040B20028A8BF00F1604001F178
:105370000101B8BF064B4FEA0111ACBF00F5614017
:1053800000F00F00C9B2B4BF195480F80013704781
:1053900014ED00E0044B054A23F07F039360BFF354
:1053A0004F8FBFF36F8F70470000000800ED00E0E3
:1053B00008B5FFF7EFFF0B4AD2F8883023F47003EB
:1053C000C2F88830EFF3148323F0040383F31488C6
:1053D000BFF36F8F02F08EFD03F02EFC00F056F845
:1053E00002F0CCFD00ED00E042F8203C009B42F8CA
:1053F0001C3C0A49019B42F8183C029B42F8143CB1
:1054000021F001014FF0807342F8043C42F8081C7F
:105410000023203A02654367704700BF63E4000839
:10542000094A0346906870B113F1160F406E05D01B
:10543000A0F140029A4205D8834203D2814228BF9C
:1054400000207047002070472014002008B50B4B47
:105450000E461546986000F043F82C4686F30988FE
:105460000020044B98472046002100220023024CD4
:1054700020470000F3EE000863E400082014002039
:10548000014B10221A61704700ED00E00448002330
:105490001021C2180133612B82F80013F9D1704733
:1054A00000E100E008B5EFF30583064A103B02EB8C
:1054B000C30152F8330049688847BDE80840FFF748
:1054C00089BC00BFCC120108024B034A03480121EA
:1054D00000F08AB80000022000000020F81801083F
:1054E000426E054B403A1A60044A4021C3E901125A
:1054F0001846012100F082B8C011002000000B15F1
:1055000008B503461048D0F89020C2F30722013AAC
:10551000934207D90D480E4A012109F014FC6FF09F
:10552000150008BDC0F898300A6822F01F021A431F
:1055300042F01002C0F89C208A6842F00102C0F8D4
:10554000A0201846EDE700BF00ED00E0F4160108CA
:1055500043280108F0B50E4685B01F4604460025D5
:10556000B5420DDA606810B397B1431E18420AD0F5
:10557000104A11482B46012109F0E5FB6FF0150296
:10558000104605B0F0BD1F28F2D921680B42EFD1BB
:105590002368019309F0C1FCA36801A90343D0B2B9
:1055A0000393FFF7ADFF10F1160FE7D0421C013552
:1055B0000C34D5E769280108F4160108044B0522CC
:1055C000C3F89420BFF34F8FBFF36F8F704700BFB6
:1055D00000ED00E0BFF35F8F024B0022C3F8942080
:1055E000704700BF00ED00E010B5034C01232278A6
:1055F000FFF7B0FF207010BD8714002008B50B4ADC
:1056000000231278FFF7A6FF10F1160F07D0084A03
:105610000021D2F89030C3F30723984200DB08BD85
:10562000C2F89800C2F8A0100130F2E787140020F9
:1056300000ED00E02DE9F04357485849D0F890308C
:105640000D68C3F307239D4285B000F2A180FFF7E8
:10565000C1FF49680022954201F10C011AD1504C5A
:10566000504F25706846FFF74FFBDFF83C81DFF8AD
:105670003C9106460025AE421FD1237846490020C2
:10568000D1F89020C2F3072293427BDBFFF796FF0D
:1056900000204CE0C0F8982051F80C3C23F01F0388
:1056A000134343F01003C0F89C3051F8043C43F01E
:1056B0000103C0F8A0300132CDE7009800EB0511DE
:1056C0004FEA051CCB683B40B3F5000F44D00AD825
:1056D000B3F5001F2ED0B3F5800F34D0B3F5801F83
:1056E00010D00135C7E7B3F1807F3ED0B3F1007F22
:1056F000F7D150F80C3088684A6809F00EFC40F485
:10570000802009E050F80C3088684A6809F005FCF0
:1057100040F0885040F43020039001A92078CDE972
:105720000123FFF7EDFE002828DA6FF0150005B021
:10573000BDE8F08350F80C3088684A6809F0EDFB4A
:1057400040EA0800E8E750F80C3088684A6809F039
:10575000E4FB40EA0900DFE750F80C3088684A684B
:1057600009F0DBFB40F08270D6E750F80C30886817
:105770004A6809F0D2FB40F08870CDE72378013306
:105780002370AEE7C1F89830C1F8A000013377E785
:105790004FF0FF30CBE700BF00ED00E00419010837
:1057A000871400200000F0FF00000811000002062E
:1057B000014B1860704700BFC0060020F8B5084FC5
:1057C00006460D460024AC4208DA3B6898470A2892
:1057D000305504F1010401D00D28F4D12046F8BD64
:1057E000BC060020F8B50A4F0D46461EC0F1010464
:1057F000A3199D4201DC2846F8BD73780A2B02D11B
:105800003B680D2098473B6816F8010F9847EFE773
:10581000C006002010B5074C2368C2180648C0F126
:10582000005101F500318A423ABF2260C0184FF0A2
:10583000FF3010BDCC1100202037002008B50548EE
:1058400008F0F5FD002383F31188BFF36F8F042365
:10585000184602DF9B2801082DE9F04F4788846B2A
:1058600087B007F01003064689460492029307F0BA
:105870000807824604F10C0BDAF80C3003933378F6
:10588000BAF80280012B40F09280758815F004056B
:1058900013D07369002B00F08880B26BD1690A794C
:1058A00089685B1A43FA02F53369D3406D4A02EA0C
:1058B000052545EA035545F00105DAF83430009333
:1058C000029B002B7FD09AF80030012B40F0B6806D
:1058D00018F0040F00F0B280002F6AD1CAE90477F3
:1058E00000220AF13003CAF83020EFF311821021B0
:1058F00081F31288BFF36F8F216A23620B6082F3FA
:105900001188BFF36F8F204609F09FFB18F020032A
:10591000019371D1D4F818A0504609F042FB0590CC
:10592000002800F08E800199102204F0D1F8BAF816
:105930000E10059B039A0139AAF80E10C3E902253F
:10594000019AC3F804901A60EFF31181102282F3D8
:105950001288BFF36F8FE26AE362136081F31188EC
:10596000BFF36F8FBFF35B8FDBF80030BFF35B8F4C
:105970005A1CBFF35B8F5BE8001F994203D14BE8D1
:1059800000200028F7D1BFF35B8FEBD163682BB108
:10599000013B636013B9206802F094FCA06802F038
:1059A00091FC29E0DDF800A066E71D467EE70025B2
:1059B00083E7DAE90431002C3AD000293BD0E069D2
:1059C00058BBCAE9040000216369CAF830100AF123
:1059D0003002EFF31181102080F31288BFF36F8F34
:1059E00018681A60026081F31188BFF36F8FDA893B
:1059F0000132DA81002F89D0049B002B08BF6FF0A1
:105A00008B0918F0020FCDD118F0010F27D00098A4
:105A100007B0BDE8F04F09F0EDBA13B9CAE9043395
:105A2000D1E7027923FA02F208F07BFC0023F5E7C4
:105A3000CAE90444C7E7CAE90411C4E7002FC2D188
:105A40004EE704F11003BFF35B8F53E8001F0131F1
:105A500043E80012002AF8D1BFF35B8F82E707B05A
:105A6000BDE8F08F00FF0F00F0B5214B214C002561
:105A70001026A34220D3204B204C00251026A34201
:105A800034D30020F0BD196901EB821101F130001F
:105A90000D63EFF3118186F31288BFF36F8F1F68D8
:105AA0001860386081F31188BFF36F8F01329989D4
:105AB0009142E8DC1433DCE70022F8E718691701AB
:105AC00000EB0211C551EFF3118086F31288BFF38A
:105AD0006F8F1F681960396080F31188BFF36F8F73
:105AE000013299899142E9DC1433C8E70022F8E7D2
:105AF000140A0020280A0020280A00203C0A00205E
:105B00000021C0E906110249183003F0DFB800BFD8
:105B1000BDF0000870B50A4E0A4D4FF0FF324FF04D
:105B2000FF33304602F09CFB04460028F5D0D0E954
:105B30000C039847214628460AF08DFFEDE700BF89
:105B4000C40900205009002010B588B000240022AC
:105B50000023CDE90623CDE90344CDE90144054BFB
:105B6000054900944FF48062044802F07DFC204611
:105B700008B010BD155B000800180020400F002081
:105B800007B500230548002201A902F073FA18B9ED
:105B9000019803B05DF804FB0020FAE750090020EB
:105BA0000B46014648B103B112B904480AF053BF8D
:105BB000C0E90C3202480BF01FB8704750090020B2
:105BC000C40900202DE9F041104E114F0546002474
:105BD0004FF001082B7871691A19D2B208FA02F253
:105BE00001EA02008A4309D153FA84F3706157F83D
:105BF00033201AB107EBC303596890476A78013420
:105C0000E3B29A42E6D2BDE8F08100BF003C014019
:105C1000D0110020044B184400230133994200F8AE
:105C2000012BFADC704700BFDC08002007B5062214
:105C300001210020FFF7EEFF002211460620FFF7AA
:105C400091FB012108460722FFF7E4FF00221146DD
:105C50000720FFF787FB082201210220FFF7DAFF68
:105C6000002211460820FFF77DFB092201210320B5
:105C7000FFF7D0FF002211460920FFF773FB0A222D
:105C800001210420FFF7C6FF002211460A20FFF77A
:105C900069FB052108461722FFF7BCFF00221146C9
:105CA0001720FFF75FFB282206210A20FFF7B2FF2B
:105CB000002211462820FFF755FB4FF48043074888
:105CC0004422CDE9002383681B6823B169469847C5
:105CD00003B05DF804FB6FF05700F9E78C10010882
:105CE000034660B1B0FA80F2C2F11F02D2B2054998
:105CF0008856054A11680B431360FFF725BBFF2246
:105D0000F5E700BFDC080020003C0140024A1368B0
:105D100023EA000313607047003C0140032921D8A7
:105D2000DFE801F0020C10190F4B9A6822EA00021A
:105D30009A60DA6822EA0002DA6070470A4B9A68D1
:105D40000243F5E7084BDA680243DA609A6822EA10
:105D500000029A607047044B9A6802439A60DA68BE
:105D60001043D860704700BF003C014030B5B0B16F
:105D7000B0FA80F3C3F11F03DBB20B4850F8334095
:105D80008C4204D100EBC3056D68954205D044B93F
:105D900040F8331000EBC3004260002030BDFF2309
:105DA000EBE76FF00F00F9E7D011002060B1B0FA17
:105DB00080F3C3F11F03DBB2044A002142F8331021
:105DC00002EBC30251607047FF23F5E7D0110020BA
:105DD00000F00302043292000F23934043EA900044
:105DE000C3B20233054A52F82320030C02EA1040E2
:105DF00093FAA3F3B3FA83F3D84070470038014015
:105E000038B50888254BC0F30B0007281B680D46E2
:105E1000144614D810B96FF0850038BD0238052833
:105E200006D8DFE800F03203323020284FF4FA437E
:105E300023602968B1F5805F29D20020EDE744286E
:105E40000ED82F28E7D900F57D61C1F30B0101229F
:105E50008A4013490A42EBD14028DCD15B08E7E7CE
:105E6000A828E5D0D7E700F0B1F84FF4C072C30816
:105E700053439B08DCE700F0A9F84FF4C072C30855
:105E80005343DB08D4E7074BD2E70023D0E7C1F345
:105E900013310131B3FBF1F32360CEE74C0700204F
:105EA0001101100000127A0070B5444D444C00F00E
:105EB000B5F8284609F0AFF901F0F4FDA368414AAE
:105EC000C3F30313D35C20FA03F613781D41AE42EB
:105ED00002D2284601F02EFE236843F4802323607B
:105EE000236843F480332360354B1A689103FCD553
:105EF0005A6F42F001025A675A6F9207FCD59A68AE
:105F000002F00C02082A17D11A68940707D41A68FD
:105F100042F001021A602A4A13689807FCD5284B00
:105F20009A6822F003029A609A6812F00C0FFBD173
:105F30009A6822F0F0029A60214C236823F0807363
:105F4000236023689901FCD4636823F4403343F44D
:105F500080336360636823F0706343F000636360C1
:105F600000F038F8236843F080732360144B1A68FC
:105F70009201FCD59A6822F0F0029A609A6822F0A9
:105F8000030242F002029A609A6802F00C02082AA8
:105F9000FAD1AE4202D3284601F0CCFD0A4B074AA3
:105FA0001A60074A936823F4E05343F480539360E4
:105FB000936823F460439360002070BD00D8B80557
:105FC00000380240462F01084C0700200048704767
:105FD00000127A000C4B0D495A6811400C4A0A43D2
:105FE0005A605A680B4922F4403242F480325A60B7
:105FF0005A6822F0E04242F480325A605A681140F6
:10600000054A0A435A607047003802400080BFFFCB
:10601000086040000080BFF008604008064B1A6C22
:1060200042F080521A641B6C82B003F080530193DB
:10603000019B02B0704700BF0038024008B5074816
:106040000AF0C1FC38B10648FFF7B2FB0448FDF77F
:10605000A9FC002008BD6FF01200FBE7EC1101085D
:10606000656000080A2838B5074D044604D1AB68BE
:106070000D215B6828469847AB6803485B68E1B22E
:106080009847204638BD00BFEC1101082DE9F843C0
:10609000D0F80480D0F81090D8F8080017460D46C4
:1060A0001E4609F00FF8B7F5001F044616D1284622
:1060B000D8F80840FFF78CFE84420CD1294609F03D
:1060C00001F80446FFF722FE2046FFF76FFE00218D
:1060D0002046FFF723FE0020BDE8F883B7F5800FC8
:1060E00020D0B6F1806F19D0B6F1C06F18D0B6F1DC
:1060F000007F1AD1022610494A462046FFF736FE95
:10610000B0B9D8F80810284608F0DFFF204631461D
:10611000FFF704FE2046FFF7E3FDDCE70126EAE790
:106120000326E8E76FF08500D6E76FF01500D3E7A8
:106130006FF00F00D0E700BF8BF4000838B503699B
:10614000044658600A4D28460AF03DFC60B1AB6831
:1061500061681B680C3123B12846984700EAE0705B
:1061600038BD6FF05700F9E76FF01200F8E700BF95
:106170008C10010808B5044A0448012108F0DAFD32
:106180006FF0040008BD00BF5F290108C4160108B4
:1061900098B542680369D26883F84E1000AF29B9F8
:1061A000136823F01A031360BD4698BD6C468AB08D
:1061B00003686A460848D161C2E905034FF40073D9
:1061C0001384064B42F8103F054800234FF4115149
:1061D000FEF7D8FAA546E7E77D290108040000018B
:1061E000C4160108F7B50446436806691C48DD6813
:1061F0000F4659688368DB68002201924BB9194A3F
:106200001948012108F096FD6FF00404204603B000
:10621000F0BD01AA98470028F1DB376206F11007AC
:106220004FF0FF324FF0FF33384602F07FF82B6813
:1062300023F001032B60204696F84E10FFF7A8FFCD
:106240002046019900F0B6F896F84D3004461BB18F
:106250002B6843F001032B60384602F033F8D5E792
:106260008C10010891290108C416010870B5044674
:10627000466805694FF0FF32002128460AF0C7FC46
:10628000336820469847002385F84C3085F84E3017
:106290000122114605F110000AF0B9FC22480AF06B
:1062A00092FB40B9214A2248012108F043FD6FF0DA
:1062B0001204204670BD204600F048F833691D4A9C
:1062C000934224D018D81C4A934222D01B4A9342AE
:1062D00021D001211A4A164808F02CFD0021204641
:1062E00041F01001FFF77EFF041E18DA154A10482E
:1062F000012108F01FFDDCE7134A93420DD002F59F
:10630000C31202F520629342E3D10A21E7E7062196
:10631000E5E70221E3E70421E1E70821DFE70123C4
:1063200085F84C300024C4E78C100108BF2901080F
:10633000C416010840420F00A0860100801A060022
:10634000DE290108F929010840E1330037B5456825
:1063500001AA6869002109F0BAFB041E07DB019B52
:1063600000221979186800F079F8041E08DA0D4A3D
:106370000D482346012108F0E6FC204603B030BD5D
:106380000A48696883681B683BB9094A06480121C5
:1063900008F0D0FC6FF00404EFE7984704460028AB
:1063A000EBD0F2E7472A0108CC1601088C1001084F
:1063B000652A010810B502694368126ADB68C2F3F6
:1063C0004202012A04D0022A21D06FF0150010BD2C
:1063D00058681F4AB1FBF2F220F03F0010435860AA
:1063E000186A013220F03F0002431A62194AB1FBD9
:1063F000F2F140F6FC72114208BF0421DA6922F47E
:106400004F4222F0FF020A43DA610020DFE75868BA
:106410000F4AB1FBF2F220F03F0010435860186AB7
:106420004FF49674624320F03F004FF47A74B2FB4D
:10643000F4F2013202431A62074A914289BF0132E3
:1064400048F20101B1FBF2F141F40041D6E700BF8F
:1064500040420F00400D03007F4F12002DE9F0472E
:106460001E4F044600EBC1060025B44201D10020B6
:1064700014E02068C30600F01F0911D4656845F0D8
:106480002005C0F3481AC0F34420102823D857F839
:106490002080B8F1000F0DD16FF01200BDE8F08739
:1064A000B9F1100F04D0B9F1110FEAD16568E8E72E
:1064B0003025E6E740460AF086FA0028ECD04B4645
:1064C0002A460AF00F01404608F0F5FF002804F1C3
:1064D0000804CADAE2E76FF01500DFE7841A010862
:1064E00010B50E29036913D0102924D00D2930D1FD
:1064F0006421D86A90FBF1F01060DB6A93FBF1F045
:1065000001FB103342F210714B435360002010BD69
:10651000196B080A4FF47A71B0FBF1F010601B6B35
:10652000180ADBB24B431B0AB0FBF1F401FB140069
:1065300001FB0033E9E793F82810602909D1596B72
:10654000890A11605B6B0449C3F309034B439B0A3F
:10655000DBE76FF08500DAE740420F002DE9F043FA
:1065600089B0D0F81090DFF834820646406883681E
:1065700000AF1B689847041E14DA6D4688B06A465F
:10658000874BC2E905380423D461864842F8103F9E
:106590004FF4045109F0E6FAAD4620462437BD46D3
:1065A000BDE8F083002114200AF0F5FB7068012398
:1065B00009F12802D02109F0DBFA041E04DA6D4645
:1065C00088B06A46784BDCE799F82830602B6C4637
:1065D0003ED188B06A46754B7248C2E9053803233C
:1065E00042F8103F4FF4C85109F0BCFAB622706867
:1065F000A546E02109F0B9FA00280FDA6C4688B008
:106600006A466B4BD061C2E90538042342F8103F5B
:1066100064484FF4045109F0A5FAA5464FF47A7284
:106620000023304609F0AAFA041EB6DB706835690B
:10663000182307F10802882109F09AFA041E21DACA
:106640006D4688B06A465B4B53615B4B93619AE73A
:10665000582B01D0562B03D188B06A46574BBBE765
:1066600088B06A465649D3610423C2E905184D48EB
:1066700042F8103F4FF4045109F074FAA5466FF048
:1066800085048AE73B892B807B896B80BB89AB8043
:10669000FB89EB803B8A2B817B8A6B81BB8AAB8138
:1066A000FB8AEB813B8B2B827B8B6B82BB8BAB8220
:1066B000FB8BEB8295F82830602B2DD1706801237D
:1066C00005F11802A12109F053FA041E04DA6D46FF
:1066D00088B06A463B4BB7E7706807233A46E1212A
:1066E00009F046FA041E04DA6D4688B06A46364B55
:1066F000AAE73B886B83BB782B773B79F97803F06B
:106700000F0242EA0112EA837A791B0943EA021373
:106710002B84BB7985F8223099F828307068602B7B
:106720000AD10522F22109F020FA041E04DA6D468E
:1067300088B06A46254B24E77068A822F52109F045
:1067400014FA041E04DA6D4688B06A46204B18E736
:1067500070685722F42109F008FA041E04DA6D4625
:1067600088B06A461B4B0CE700210A200AF013FB95
:106770006C468AB033686A461749D36140F20133E8
:106780001384164B0748C2E9051842F8103F4FF42E
:10679000145109F0E7F9A5460024FEE6152C01087E
:1067A000B62A0108AC160108CF2A0108E62A01081A
:1067B000182B0108322B0108FC2B0108F02A0108D4
:1067C000032B0108512B0108742B0108972B01089A
:1067D000B52B0108D12B0108F02B010804000001A2
:1067E00073B51368069C01911546002B43D1D0E97F
:1067F0000023C4E9002301232381BDF804300E2BBC
:1068000021D0102B30D00D2B37D1037AD90737D5B3
:10681000C068F9F7A1FF1C4B0022FAF707F8FAF756
:10682000B5FAC6170146F60300234FF44812C00319
:1068300046EA5141FAF7F2FA1023A06101202374CD
:10684000286002B070BD037A9A0719D50669F1175E
:10685000090200234FF47A32300241EA1661FAF756
:10686000DDFA1723A061E9E7037A5B0708D54369DE
:10687000A3611523E2E70020E3E76FF01500E0E7EE
:106880006FF03C00DDE700BF0000E040014B0B6013
:1068900000207047441701082DE9F043836805780C
:1068A0005B68012DD3E902871E6885B004462AD1B2
:1068B00043885B0727D54269836B7AB10369172B3D
:1068C00027D9019202A809F05EFC814678B3012124
:1068D000384A394808F02EFA494622E0CBB1D86947
:1068E000B8B190F8049005FA09F5173525FA09F5BD
:1068F00001AA294607F0FBFC58B9019B636105FA20
:1069000009F52561DEE72369172B02D96369019335
:10691000D8E70121294A2848182308F014FA6FF013
:106920000B01204608F063FB05B0BDE8F083019D34
:10693000DDE9020100F0BEFA2B7A23F00703C5E976
:1069400000012B724946B9420ED105F10C024021DB
:10695000304609F03AF9054630B30121184A164885
:1069600008F0E8F92946DCE738F82130102B13D07D
:1069700005D80D2B0BD00E2B12D00131E3E7402BA5
:10698000FBD12B7A23F0070343F0070302E02B7AB5
:1069900043F001032B72F0E72B7A43F00403F9E78D
:1069A0002B7A43F00203F5E70146204608F083FB0B
:1069B000BAE700BF5A2C0108AC1601082D2C0108BB
:1069C0007C2C010810B50C46FFF7DAF858B90948D5
:1069D000094A012108F0AEF920466FF00B01BDE82D
:1069E000104008F004BB2146044ABDE81040FFF700
:1069F000D7B800BFAC160108942C010899680008AC
:106A000070B583685B681D68AA689269044622B104
:106A100001462846BDE8704010471B79A3B9FFF72F
:106A2000AFF858B90A480B4A012108F083F96FF012
:106A30000B012046BDE8704008F0D9BA2146064A4D
:106A4000BDE87040FFF7ACB86FF08501F2E700BF1A
:106A50000C170108942C01085D6A00082DE9F04F1D
:106A600093B0836800AF5B687B611B683B617B69A7
:106A70009B68FB617B69DD68002382461C469D4262
:106A800012D107F1280009F07EFB0546F8B17C4AD7
:106A900001217C4808F04EF92946504608F0A7FA33
:106AA0004C37BD46BDE8F08FFA6932F8231021F06B
:106AB0000400032882B205D00B2906D0282914BF70
:106AC0000122032214440133D9E70322FAE7D7E96C
:106AD0000A0100F0EFF9C7E902103B6938699B68C9
:106AE0004021DB689847054610B1674A0221D0E78C
:106AF0009AF80080251DAD00A5F11006B8F1010F30
:106B00002E446BD1BAF80230590767D5DAF8143041
:106B1000DAF838B02BB1DAF81020964255D87B62FB
:106B200022E0BBF1000F50D0DBF81C30002B4CD022
:106B30001B7908FA03F808F1FF32B146BA61BA6965
:106B4000DBF81C003B6002EB0901D94007F124028D
:106B5000796007F0CCFBD7E9003180BB7A6ACAF8CC
:106B600014209940CAF810107E6AFB683360B46044
:106B7000BB68FC697360002306EB050B33730234BA
:106B80001D46FB607B69FA68DB6893422DD86C4632
:106B900088B0B3686A463D4951613D49C2E9061370
:106BA000042342F8103F374800234FF40451FDF707
:106BB000E9FD0021A546504608F07DFA70E7C14581
:106BC00003D9A9EB08094E45B9D90221314A2D480C
:106BD000334608F0B8F86FF00B015EE7DAF81030D2
:106BE0009E42F2D8DAF8143099E734F8021C21F00A
:106BF0000403032B1FFA83F807D00B293DD0282963
:106C000014BF4FF001084FF003083B6938699B68D7
:106C100007F130091B694A469847B8F1030F4FEA5C
:106C2000850340F0DC80EA1CBA603344002835D08C
:106C300047F6FF71002219825A829982DA821983FB
:106C40005A836D468AB034F8021C23886A4612487B
:106C500050610F4813620523C2E9060142F8103F54
:106C6000084800234FF42451FDF78CFDAD46FB6826
:106C7000BD680133FB60043484E74FF00308C4E7C8
:106C80005A2C01080C1701087C2C0108802D0108E2
:106C9000A12D01082D2C0108E92C010834F8022C43
:106CA0005882033A1A8234F8022CD882023A9A8225
:106CB00034F8022C5883013A1A8300252B4659F8E0
:106CC00035203D60002AB8BF52420132934205F19F
:106CD000010538BF1346A845F1D1013BBA681CBF76
:106CE000B3FA83F3C3F12003551B96F90C2058B275
:106CF000824205DA5A460BEB850C94457FD13073FE
:106D00000BEB8503FB6107F130080023BB6106EB49
:106D10008503188A598A00239D427ADCD8F804003A
:106D2000D8F800305B4A4FEAE079C3FB02096FF004
:106D30000041A0FB010C01FB09C1564A0023FAF7F0
:106D40006DF896F90C30C3F1200CB3F1200201FA72
:106D50000CFC20FA03F058BF41FA02F240EA0C00A2
:106D6000FB6958BF104318604B4A4C4BD8F80010D1
:106D700096F90CC013EA290338BF13467B60D8F894
:106D800004300029B8BF4942E946002B90B0B8BF93
:106D90005B426A46DFF808E1C2F814E0C2E90A354E
:106DA000DFF800E1FB69C2F818E0D7F818E0C2F894
:106DB0001CE0C2E90C30D7F804E0C2F838C040F259
:106DC00002439387384BC2E908E142F8103F374845
:106DD00000234FF4BA41FDF7D5FCCD4649E06A1CCB
:106DE000BA6030B1334447F6FF721A8200225A82E9
:106DF00027E7334434F8022C1A8258825DE796F96B
:106E00000CE01168A3EB0E0E41FA0EF142F8041BE0
:106E100073E706EB83024FEA8309B2F810C084459A
:106E200002D1528A8A4201D0013375E75A1C3FF4DD
:106E300075AFAB423FF472AFC7F804D08AB00BEB2A
:106E400009016A461A48506116489061B869516252
:106E5000C2E90703062342F8103F002313484FF40A
:106E60004451FDF78FFCFA695BF80930D7F804D07C
:106E70001360FA69B969BB690432FA613A688A42F7
:106E800003F1010305F1010508F108087FF43EAFA5
:106E9000EDE600BF40420F0024220108DA1E01087F
:106EA000502D0108A12D01080B0000010C1701084D
:106EB000222D010838B5054C054AA0FB0405002326
:106EC00004FB0151F9F7FAFF38BD00BF00CA9A3B35
:106ED00000D8B80543681B6803F1140252E8002F7C
:106EE00042F0010203F1140040E800210029F3D12F
:106EF000134A934213D0A2F54C4293420FD002F5AD
:106F0000806293420BD002F58062934207D002F573
:106F10008062934203D002F54442934203D11A693E
:106F200042F040021A6103F10C0252E8002F42F4D1
:106F3000807203F10C0040E800210029F3D1704772
:106F40000010014043681B6803F1140252E8002F4F
:106F500022F0010203F1140040E800210029F3D1DE
:106F6000134A934213D0A2F54C4293420FD002F53C
:106F7000806293420BD002F58062934207D002F503
:106F80008062934203D002F54442934203D11A69CE
:106F900022F040021A6103F10C0252E8002F22F4A1
:106FA000807203F10C0040E800210029F3D1704702
:106FB00000100140024A0348012107F0BBBE00BF98
:106FC000912901082C170108F8B503690C465E6881
:106FD00023794168012B34D09A1E55425541AD02A8
:106FE0006279022A9CBF354F37F812C0A27988BF58
:106FF0004FF4005C042A27D0003B18BF01231B0379
:10700000E279012A0A680CBF4FF440770027A642B4
:10701000D1681CD121F4B05129430B43D3601369CB
:1070200023F4405343EA0C03136143681A6853691D
:1070300023F440733B4353613168BDE8F84009F0E5
:10704000DFB94FF4C065CBE74FF48053D8E701F4C4
:10705000C0618D421FBFD16821F4C0612943D16056
:10706000426811680A6902F4405294451FBF0A69D8
:1070700022F4405242EA0C020A6142681168CA686E
:1070800002F4805293421FBFCA6822F48052134315
:10709000CB6043681A68536903F440739F421FBF73
:1070A000536923F440733B43536121683368994229
:1070B00003D009F0A5F923683360F8BDD41E010898
:1070C0002DE9F3410469476805463548206009F019
:1070D0007AFC50B9334A3448012107F02BFE6FF097
:1070E0001204204602B0BDE8F0812068F968836888
:1070F0001B683BB92D4A2C48012107F01BFE6FF09D
:107100005704EEE798470446E8B9386A01AA002117
:1071100008F0DDFC041EE4DB019B002219791868ED
:10712000FFF79CF9041EDCDB6E682B693468D3F82A
:107130000480E36823F40053E360706809F043FCC3
:1071400048B91B4AC7E7194A1748012107F0F2FD61
:10715000002CC6DBD9E7D6E901018368DB6803B1FF
:10716000984704F10C0353E8003F43F00C0304F18B
:107170000C0141E80032002AF3D141462846FFF7CE
:1071800023FF337D1BB1636943F008036361E36848
:1071900043F40053E3607B6A284698470024A0E745
:1071A0008C100108BF2901082C170108CB2D0108FC
:1071B000EB2D01082DE9F04143681C680369D3F801
:1071C00004800B790D46012B4979AE7940D1022913
:1071D00059D9042E54D04FF480574FF4C062032382
:1071E0008B424DD1002F00F08680002A14BF03226D
:1071F0000422B24244D1EB79C3B1012B40D1404BC0
:107200009C4213D0A3F54C439C420FD003F58063FE
:107210009C420BD003F580639C4207D003F580634A
:107220009C4203D003F544439C4229D1E36823F4F4
:107230000053E3602946FFF7C7FEE36843F40053B9
:10724000E36095E8030088E803000020BDE8F081D2
:10725000022B08D1022921D9042E11D04FF48062CB
:107260004FF48057BBE702290A461FD9042E04D1E8
:1072700033B94FF480571A46B1E763BB0329B8D03E
:107280006FF08500E2E71F4A042E32F811C0F7D0F4
:107290004FF4C062033B012B10D8F1E7194A042ECA
:1072A00032F811C0ECD04FF48062F3E7154A042E97
:1072B00032F811C016D1002BE2D11A464FF4805794
:1072C000BCF5805F13D0BCF5405F12D0BCF1000F5D
:1072D00085D1012384E7033B012BD1D90022BFE7ED
:1072E0000022D7E7002BFBD11A461F46E8E7002310
:1072F00076E7022374E7002A14BF0222032278E70C
:1073000000100140D41E0108B0B582B00446806868
:1073100010F4B87000AF1FD06D468AB06A46104BAB
:107320005361104BC2E906304FF4007313840E4BC7
:1073300042F8103F00230D484FF41151FDF722FA97
:10734000A3685B06AD4605D5E3687B607B68A368F0
:107350007B607B686FF004000837BD46B0BD00BF9E
:10736000312E01081A2F010804000001141701082A
:107370002DE9F04383B00669D0F8048000AF0546DC
:10738000444C204609F01FFB58B9434A43480121A9
:1073900007F0D0FC6FF0120420460C37BD46BDE864
:1073A000F083A368D8F810101B684BB120469847AB
:1073B000041E08DA3A4A3948012107F0BBFCEBE722
:1073C0006FF05704F6E7D8F804003A1D002108F0E2
:1073D0007EFB041E07DB7B68002219791868FFF723
:1073E0003DF8041E06DA2F4A2C482346012107F0F7
:1073F000AAFCD1E7D8F8083028469847B5684FF07E
:107400000108D6E9023203EBC2039D4204D33046A1
:1074100009F059F90024BFE7286809F0D4FA0346B7
:10742000B0B92A68297910686C468AB06A461E4D40
:10743000D1614FF4007111841C49C2E9055042F832
:10744000101F16484FF41151FDF79CF9A546A1E70E
:1074500028682979EB88D0F810C0D0F80890DCF8BB
:107460000040DA0754BF43F4B01383F4D01323F47D
:10747000801208FA01FEDB074CBF44EA0E0424EA3E
:107480000E04CCF80040D9F800309847041E83DB86
:107490000835B6E78C100108BF2901081417010848
:1074A0003C2E0108572E0108752E0108040000012A
:1074B0002DE9F04F8DB0984600AF43680569D3F8C9
:1074C00000907B6082460E4693461AB9B8F1000FD1
:1074D00000F0B380B388980400F190804FF0FF3241
:1074E0004FF0FF3305F1100000F020FF6E60DFF871
:1074F000D0C2DAF810303B60BCE80F0007F110048E
:107500000FC49CE80F0084E80F003A68DAF804E042
:107510001268DEF80040B38896427BD1190508D581
:10752000236823F44443BBF1000F70D043F440437D
:107530002360B388C3F34513082B0CBF0123022338
:1075400028464246594608F0E6FFD9F80040D9F8E7
:10755000003043F04003C9F80030DAF810603068BA
:1075600004F4444448B183683BB10121083009F078
:1075700096F83368186909F017FAD9F8043043F01F
:107580002003C9F80430B8F1000F05D0D9F8043051
:1075900043F04003C9F80430D9F8043043F08003C5
:1075A000C9F804304FF4FA5B0A2605F1200A0023DB
:1075B000A86B1946814240F0F4800021D5F840C004
:1075C0000846604540F0F4808B4238BF0B460BFB09
:1075D00003F22B681B68B2FBF3F2C832A2FB06234E
:1075E000504600F0A3FE002800F0F680754A764869
:1075F000012107F09FFB6FF0730813E0AB69002BCC
:107600007FF46CAF6B689E427FF468AF6FE743F422
:1076100000438DE7C3F34512082A13D0102A11D076
:107620006FF085082B6813B19B889B0405D4002359
:107630006B6005F1100000F045FE40463437BD4652
:10764000BDE8F08F13F4004F6368604814BF43F047
:10765000100323F0100363608368DEF81010DB680A
:107660003BB95B4A5848012107F064FB6FF00408FE
:10767000D8E707F10C0298470028F2DBF968306878
:10768000012321FA03F2824219D90133092BF8D1DF
:107690006C468AB06A464F4BC2E905304B08D3614D
:1076A000090A0523116242F8103F474800234FF4AE
:1076B0002151FDF767F86FF01508A546B2E722687B
:1076C00007F1300122F04002226001EB83032268BF
:1076D00053F8243C22F0380213432360B3889A07FE
:1076E00003D4236823F0020302E0236843F002037B
:1076F0002360B38813F0040F236814BF43F0010321
:1077000023F001032360B38813F4006F236823F48C
:10771000444304D0BBF1000F32D043F44043236014
:10772000B38813F0100F236814BF43F0800323F0D5
:1077300080032360236823F400532360B36813B3EA
:10774000236843F400732360636823F004036360D9
:10775000B38813F0010F236814BF23F4827343F43A
:1077600082732360B388C3F34513082B23680CBFCF
:1077700023F4006343F4006323603B681E60D8E693
:1077800043F40043CBE7B38813F0010F236823F4DD
:107790000073D8D143F480232360636843F004036B
:1077A000D5E76A6B02EBC10201315268134401E76D
:1077B000EA6B02EBC00201305268114401E700BFDE
:1077C00058170108F42E0108141701088C1001083D
:1077D000992E0108C52E0108D5F83080B8F1000FA8
:1077E0007FF420AFB4F5404F1BD1AB6CABB92B6D20
:1077F0009BB17B681B681A6822F4444242F4004241
:107800001A601A6842F040021A605A6842F0200278
:107810005A605A6842F040025A60D9F8004004F4B5
:107820004444AB6C002B7FF4C2AE2B6D002B7FF475
:10783000BEAEF7E610B54FF0E0230F499C691A6918
:1078400008689B690D4902F4803234B993B9034644
:107850004AB90A681044C01A10BD002B08BF03467D
:107860000AB9A342F5D90A6802440A604FF0E0223F
:107870001269EEE70446F3E71C14002018140020F8
:107880000A4B102283F82320094B4FF416521A603A
:10789000084B002018604FF0E02342F27F525A61FB
:1078A00098611A6942F007021A61704700ED00E022
:1078B0001C14002018140020684620F007018D4693
:1078C00019B5FFF7B7FF114B1149D3E9004208681A
:1078D000001942F10002C3E900020E4A00230B60C6
:1078E000D2E900414FF41653001BB0FBF3F04343C1
:1078F0001B1941F10001C2E9003101F077FAFDF7EF
:1079000069FABDE819408546704700BFC80F0020DE
:1079100018140020C00F00202DE9F041DFF8DC80B2
:1079200099B1421C0BD14FF0E022136923F00103FF
:1079300013614FF07F43C8F80030BDE8F081D8F8FC
:107940000060012807DC00270BE0431CD8F800602A
:10795000F7D140F2D26040F2D3639842A8BF1846F4
:10796000471EEFF31185102383F31288BFF36F8F47
:10797000FFF760FF224C4FF0E0239969D4E9002320
:10798000801843F10003C4E900031E4B00221A6073
:107990001D4B1A68831A2ED44FF4165C0CFB073368
:1079A00003F515533F33B3FBFCF7131A0CFB0733F6
:1079B000B3F5806F154A38BF4FF48063934228BFF8
:1079C00013464FF0E022C8F80030013B9069536144
:1079D000002393618142A1EB0003D4E9001238BF78
:1079E0009B195B1842F10002C4E9003285F311884B
:1079F000BFF36F8FA1E74FF48063E2E71C14002010
:107A0000C80F002018140020C00F002000C3FF0082
:107A100038B5EFF31185102383F31288BFF36F8F0E
:107A2000084B1C68084B1B68E41AFFF703FF85F33B
:107A30001188BFF36F8F4FF416532044B0FBF3F05F
:107A400038BD00BFC80F0020C00F002038B5EFF3CD
:107A50001185102383F31288BFF36F8F044B1C68CA
:107A6000FFF7E8FE85F31188BFF36F8F204438BD20
:107A7000C80F002010B5EFF31184102383F3128890
:107A8000BFF36F8FFFF7D6FE054AD2E90031C01869
:107A900041F1000184F31188BFF36F8F10BD00BF67
:107AA000C80F002008B520498B6803F00C03082B91
:107AB00007D00C2B20D01D481D4A042B18BF1046A0
:107AC00008BD4A684B68496813F4800314BF17481F
:107AD0001748C1F3881118BF002302F03F02A1FB31
:107AE0000001F9F7EBF9104B5B68C3F30143013375
:107AF0005B00B0FBF3F0E3E74A684B68496813F4B6
:107B0000800314BF09480A48C1F3881118BF002335
:107B100002F03F02A1FB0001F9F7D0F9024B5B68CC
:107B2000C3F30273E5E700BF0038024000127A0099
:107B30000024F400002800F0CC80674B1A6802F49F
:107B40004042B2F5404F51D102F10F6202F58C5222
:107B5000904211D91A6802F44042B2F5004F51D157
:107B600005235D4A126802F44042B2F5804F74D199
:107B7000012B38BF012370E0584A904208D91A6897
:107B800002F44042B2F5004F40F095800423E8E74C
:107B90005349884219D8534A90421ED8524A9042BB
:107BA00052D91B6803F44043B3F5004F4FF0010373
:107BB0003AD0494A126802F44042B2F5804F4CD1A3
:107BC0008842D5D8474A90423CE01A6802F44042C5
:107BD000B2F5004F53D00323EBE71A681B6803F498
:107BE0004043B3F5804F4FF00203C0E71A6802F438
:107BF0004042B2F5004F4DD102F10F6202F5A342AF
:107C0000904207D91B6803F44043B3F5804F4FF00F
:107C10000503ACE7314A90424DD8314A90422ED804
:107C2000304A9042DAD800232F4A904213D92A4B87
:107C30001B6803F44043B3F5804F46D1294B98426B
:107C40004FF0010333D993E71A6802F44042B2F5CA
:107C5000004F1CD10023204A126824490A6822F0F0
:107C60000F021A430A600A6802F00F0293421CBF17
:107C70000A6802F00F02981A18BF012070471B68AB
:107C800003F44043B3F5804F4FF003036FE71B68E5
:107C90000023E2E71B6803F44043B3F5804FF7D1BC
:107CA0000F4B98420FD80F4B984210D800230E4A22
:107CB0009042D2D95CE71B6803F44043B3F5804F90
:107CC0004FF0040353E7032352E70123C5E70223E0
:107CD000C3E70120704700BF00700040000E270777
:107CE000804A5D050087930380C3C901003C0240C0
:107CF000014B9868603070472014002010B504468E
:107D0000FCF774FC0348044A012107F013F82046ED
:107D100008F064FEFC160108562F01082DE9F8430F
:107D2000044600AF0D46EFF31188102383F3128849
:107D3000BFF36F8F0428294A98BF294B9668117C9E
:107D400094BF53F82030274BE9468AB06A4626484C
:107D5000C2E9073140F201339384244BC2E90504A0
:107D600042F8103F224800234FF43151FCF70AFD3E
:107D7000CD4645B1EB69C3F3080323B11D4A1C4846
:107D8000012106F0D7FF2EB1304608F055FF08B1AB
:107D9000037803B91848E9468AB06A46174BD061A0
:107DA000C2E9053640F201331384154B42F8103F07
:107DB00000230F484FF41151FCF7E4FC2946CD464F
:107DC0002046FFF79BFF88F31188BFF36F8F304683
:107DD000FDF768FABD46BDE8F88300BF2014002017
:107DE000F01B0108652F01087B2F01080500000129
:107DF000FC160108A32F0108732F0108C42F0108E6
:107E00000400000138B50A4B53F82040013053F804
:107E10002050A54200D838BD606830B1037FDB0731
:107E200001D408F0E3FD0834F3E723689847FAE744
:107E3000041C010870B52A4B2A4C2B4D012286B038
:107E400003201A70FFF7DEFF01F036F90420FFF778
:107E5000D9FF2646AE4204F1300410D300F0D0FC26
:107E6000204C224EAC4226D300F0DEFCF9F790F90C
:107E70001F4A137B23F00103137306B070BD54F83F
:107E80000C3C059354F8103C049354F8143C0393B1
:107E900054F8183C029354F81C3C019354F8203CCD
:107EA000009354E90A2354E90C0100F09FFA54F8B6
:107EB000303C5E65CDE7D4E90A23B3F1FF3F08BF4C
:107EC000B2F1FF3F05D052EA0301206803D100F070
:107ED00067FD3034C6E73146183000F0F7FEF8E7AA
:107EE00088140020D4150108D41501082B0D0108B1
:107EF0005010002008B50348034A0021121A08F068
:107F00008CFD08BD400A00208C14002070B50023B1
:107F100086B00122CDE90423134E144D01930F22A4
:107F2000CDE902321249142303FB005506EBC016BB
:107F300004464FF4C07000FB04110E4B00954FF443
:107F4000A072304600F052FA737B0B4AEE6023F0C9
:107F5000040373734FF4046304FB033313442C745E
:107F60006B6006B070BD00BFD00F00202014002051
:107F700080240020C50A0108401C0020BFB5002055
:107F8000FFF740FF2A4B83F308882A4C2A4F636986
:107F900043F4007363610025F02384F82230E57711
:107FA00025766576A57684F82050636A43F4E0234D
:107FB0006362FDF747F9FDF763FA4FF0FF33A36201
:107FC000E362FDF737FBFDF77FFAFCF771FA1B4818
:107FD0001B4C00F075FA08F0F5FCFCF723F90120C2
:107FE000FFF710FF0220FFF70DFF00F051FC154BCB
:107FF00015495C61154B05930123CDE903534FF4FB
:1080000080523B46CDE901550095204600F0EEF93F
:10801000627B064622F004022046627308F048FEA6
:108020002846FFF773FF3A4631462046FDF70EFA21
:108030008024002000ED00E0357E0008D0100020F4
:1080400050100020201400200026002014230108D6
:1080500038B5064C064D0020AC4200D338BD204652
:1080600008F0DFFC0028F9DB1C34F5E7500900209C
:108070006C09002073B50C46EFF31181102585F3D0
:108080001288BFF36F8FC5685DB125602B68C36030
:10809000836901338361002081F31188BFF36F8FFF
:1080A00011E052EA030603D125606FF00B00F3E7FD
:1080B000CDE900230246083000F0E8FA18B9034B76
:1080C0009B681B69236002B070BD00BF20140020B4
:1080D0002DE9F341044617461E46EFF3118810239D
:1080E00083F31288BFF36F8FC368334A7BB1806814
:1080F0009168884219D057EA060318D188F311888D
:10810000BFF36F8F6FF00F0002B0BDE8F081916890
:1081100091F90E1021610133E3609368A36088F345
:108120001188BFF36F8F0020EEE72169F2E791F924
:108130000E1090F90E309942A8BF19466FF07E02DA
:108140009142B8BF11468B422DDD08F0C6FC0546B2
:10815000CDE9007619482246414600F097FA0028FA
:10816000E1D0EFF31186102383F31288BFF36F8FF2
:10817000A068D0B1236821699C420AD04BB193F921
:108180000E309942A8BF19466FF07E039942B8BFDE
:10819000194608F0A2FC40B10848314600F00AFB3D
:1081A0006FF00A00B0E70025D2E7002DF4D186F386
:1081B0001188BFF36F8FF3E720140020891400208B
:1081C000F8B583680546002B3FD0234A9268934256
:1081D0003ED1C368012B03D9013BC3600020F8BD29
:1081E000EFF31187102383F31288BFF36F8F0169B8
:1081F000806808F072FC2C68AC4207D10023C5E906
:10820000023387F31188BFF36F8FE7E7002CF5D0B7
:10821000D4E9003213605A60637B002623F0020326
:108220006373C4E90066A66004F1180008F0F2FD6B
:10823000AC6094F90E302B612046A66708F038FD3B
:108240000648394600F0B6FAC8E76FF01500C6E7F1
:108250004FF0FF30C3E700BF201400208914002036
:1082600037B51146EFF31185102282F31288BFF360
:108270006F8F04689CB12368426823F00303944223
:10828000036008BF43600121204608F0A9FC0446B2
:1082900085F31188BFF36F8F204603B030BD51EADC
:1082A0000302F5D000F10802CDE90013104629467B
:1082B00000F0ECF90028EFD1014B9B681C69EBE75B
:1082C0002014002070B5EFF31186102383F3128879
:1082D000BFF36F8F0468A0421AD0CCB1D4E900324A
:1082E00013605A60637B002523F002036373C4E9C3
:1082F0000055A56004F1180008F08CFD2046A56724
:1083000008F0D6FC31460848BDE8704000F052BA8B
:10831000D0E902329A4218BF0133836086F3118894
:10832000BFF36F8F70BD00BF8914002013B5EFF34A
:108330001181102484F31288BFF36F8F846844B1D5
:10834000013C846081F31188BFF36F8F002002B07D
:1083500010BD52EA030406D181F31188BFF36F8F79
:108360006FF00F00F3E7CDE900230246014800F06B
:108370008DF9ECE7891400202DE9F0410546EFF373
:108380001187102383F31288BFF36F8F00231E46DB
:108390006FF00A082C68A54216D0ACB1D4E90032BF
:1083A00013605A60637BA66023F002036373C4E921
:1083B000006604F1180008F02DFDC4F8788020460E
:1083C00008F076FC0123E5E70022AA602BB13946CC
:1083D0000548BDE8F04100F0EDB987F31188BFF31F
:1083E0006F8FBDE8F08100BF89140020F0B507321F
:1083F00085B022F0070204467F320E9D0D9E257344
:10840000583022F03F02C4E91600042500203F2A1C
:10841000A673C4E90600A0606573E07301F140072C
:10842000A2F1400605D880F31188BFF36F8F28466C
:1084300002DFC4E919768D1800260C9AE6660292CE
:108440000B9A01920A9A009220462A46FCF7CCFF2A
:10845000044B66659B6803B11B6F2367284605B014
:10846000F0BD00BF20140020F0B587B000250595B1
:10847000109D04950F9D03950E9D0295DDE91276E2
:108480000D9D01950C9D00950446FFF7AFFFB6F1D9
:10849000FF3F08BFB7F1FF3F05D056EA070305D1FC
:1084A000204600F07DFA204607B0F0BD3A4633463C
:1084B00004F11800014900F009FCF4E72B0D010854
:1084C00040F2011383810023C0E919330367014B94
:1084D0009860704720140020094A93686FF00A01E1
:1084E0009967084958674B6843F080534B600023F5
:1084F00083F31188BFF36F8F9368986F704700BF45
:108500002014002000ED00E070B590F90D20437BB1
:10851000002A36DBD90634D11B4C63F07F03224698
:10852000437352F8183FE169934207D1C0E9002133
:108530000860E06111E09942F8D01B68002BF5D08B
:1085400090F90E5093F90E60B542F4D0AE42F2DDD0
:108550005968C0E9003108605860A569954200D0AB
:1085600005B9E568A3685A7BD20604D1DA897F2A67
:1085700001D9AA6932B1AB4202D0284600F004FB0F
:10858000656170BD6361FCE72014002038B590F987
:108590000D20437B002A014604DA03F07F03437376
:1085A00008F04CFB0D4D2A46AB6852F8184F944228
:1085B00000D004B9EC688B4207D05A7BD20604D1B4
:1085C000DA897F2A01D9A2692AB1A34202D02046C2
:1085D00000F0DAFA23466B6138BD00BF201400209A
:1085E000B3F1FF3F08BFB2F1FF3F03D0024918309B
:1085F00000F06CBB704700BF2B0D010870B590F9FF
:108600000D20437B002A014604DA03F07F03437305
:1086100008F014FB4B7B1C4C63F07F0322464B732A
:1086200052F8183FE069934207D1C1E90020016088
:10863000E16111E09842F8D01B68002BF5D091F968
:108640000E5093F90E60B542F4D0AE42F2DD586898
:10865000C1E9003001605960A569A368954200D066
:1086600005B9E5688B4207D05A7BD20604D1DA8976
:108670007F2A01D9AA692AB1AB4202D0284600F06C
:1086800083FA2B46636170BD20140020F8B50E4BB1
:108690000C4611460D4A98681060DDE90667EFF355
:1086A0001182102282F31288BFF36F8F9D682846D3
:1086B00008F0D6FA284632463B46FFF791FF20469F
:1086C000BDE8F840FFF708BF201400204014002048
:1086D000F8B50446EFF31187102383F31288BFF334
:1086E0006F8F437B03F01F02002A0CBF0126002678
:1086F00049B239D103F07F03437308F09FFA2C4D40
:10870000437B817363F07F032A46437352F8183F1B
:10871000934227D1E869C4E900200460EC610FE0CE
:108720009842F8D01B68002BF5D093F90EC0614534
:10873000F6D08C45F4DD5968C4E900310C605C600A
:10874000AC69944200D004B9EC68AB689C4202D09A
:10875000204600F019FA6C6187F31188BFF36F8F20
:108760003046F8BDE869DEE79B071ED5856808F04E
:1087700065FA81732B689D4209D16B68C4E9005387
:108780001C606C60E8E76A689342F6D01B68002BB7
:10879000F3D093F90E209142F5D08A42F3DD5A6866
:1087A000C4E9003214605C60D6E78173D4E700BF8F
:1087B0002014002049B9EFF3058030B9054B5A6900
:1087C0009B689A4201D0FFF787BE81F31188BFF3FF
:1087D0006F8F704720140020034648B9EFF30582DD
:1087E00032B9064A51699268914201D0FFF774BECE
:1087F00083F31188BFF36F8F704700BF20140020F0
:10880000EFF31181102383F31288BFF36F8F054BB1
:108810009A68D37B013BD37381F31188BFF36F8FC9
:10882000704700BF2014002070B5EFF311861023AD
:1088300083F31288BFF36F8F144DAB68DA7B01327C
:10884000DA732A4652F8184F944200D004B9EC6803
:108850005A7BD20604D1DA897F2A01D9A2692AB1CA
:10886000A34202D0204600F08FF923466B6186F3C5
:108870001188BFF36F8FEFF31180102383F31288F9
:10888000BFF36F8FBDE87040FFF7A6BF2014002034
:10889000024B03F11802C3E906227047201400209E
:1088A00070B5EFF31186102383F31288BFF36F8F37
:1088B0001B4CA168E0690B68814214BF1A46002274
:1088C00049680B605960A368E1692AB9154AC3E990
:1088D00000210B60E3610CE093F90E0092F90E5059
:1088E000A84218D0854216DD5168C3E900210B600B
:1088F0005360A5690B4B9D4200D005B9E568A3689C
:108900009D4202D0284600F03FF965613046BDE83F
:108910007040FFF7E1BD8A42D8D01268D5E700BFAA
:108920002014002038140020F8B550EA0103064650
:108930000C4603D1FFF7B4FF0020F8BDEFF3118719
:10894000102383F31288BFF36F8F124D124BA86868
:108950001860FFF71BFEA8681049234632461830FE
:1089600000F0B4F9AA68537B43F004035373044640
:108970003846FFF7B1FDAB68D3E90A23B3F1004FE6
:1089800008BF002AD8D108F06DFA201A20EAE0705A
:10899000D3E700BF20140020401400202B0D010855
:1089A00038B50446EFF31185102383F31288BFF323
:1089B0006F8F437B5B070FD5183008F02BFA637B72
:1089C00023F0040320466373FFF79EFD2946054804
:1089D000BDE83840FFF7EEBE85F31188BFF36F8F17
:1089E00038BD00BF89140020014B9868704700BF54
:1089F000201400202DE9F8430446077BEFF311858E
:108A0000102383F31288BFF36F8F437B190705D5BB
:108A100085F31188BFF36F8FBDE8F883D90943F060
:108A200008025AD14273A36813B1204608F00EF928
:108A300004F1180008F0EEF9A66D04F15808B045ED
:108A400011D04FF0000976B1304608F0FFF806F17A
:108A5000180008F0DFF9C6F878903046FFF754FDAB
:108A6000A66DB045EFD1DFF8B880D8F808309C4249
:108A70003BD1EFF30589B9F1000918BF4FF00109A7
:108A8000D8F81860274A964200D00EB9D8F80C6082
:108A9000B34202D0304600F077F8C8F81460B9F15C
:108AA000000F02D02048FFF70BFDD8F808309C4299
:108AB00031D1EFF3058373BB227BD20718D428464C
:108AC000FFF70AFDFB07A7D5002383F31188BFF347
:108AD0006F8F0423184602DF9EE703F07F0343F005
:108AE0000803437308F0AAF89DE74FF00009C7E7B1
:108AF00085F31188BFF36F8F83F31188BFF36F8FF6
:108B00000423184602DFEFF31180102383F3128849
:108B1000BFF36F8FD4E785F31188BFF36F8FD1E771
:108B20002014002038140020D0100020044BC01A5C
:108B3000044BC0105843044B01221A54704700BF25
:108B400050110020ABAAAAAA89140020C3897F2B48
:108B500012D80A4B1B6863B1094B90F90E201B68B1
:108B60009A4209DB437BDB0606D1064BC31A18BFCA
:108B7000012303F0010070470023FAE750070020AB
:108B800044140020D00F002070B50E4B0E4C1E7CFC
:108B900006EB460304EBC3040546204608F03AF909
:108BA0000A4B002228469A55FFF7D0FF48B1084BE0
:108BB00008491A68013A2046D317BDE8704000F012
:108BC00085B870BD201400205011002089140020A9
:108BD000500700202D8B000838B5EFF311851023C6
:108BE00083F31288BFF36F8F104B114A9C68106893
:108BF000A04206D1FFF7C8FF85F31188BFF36F8F3E
:108C000038BD00211B7C11600A4AD35C002BF3D0D5
:108C10002046FFF79BFF0028EED0637BDB0602D1E6
:108C20002046FFF7EBFC2046E4E700BF20140020BD
:108C300040140020891400200748084A084908B554
:108C4000121A07F0ECFE0748074A0849BDE8084039
:108C5000121A07F0E4BE00BF000000203C0A00200A
:108C600054300108000000200000002054300108AA
:108C7000024B1868984208BF002070475407002034
:108C8000034B1B680BB9FEF7C3BE0020704700BF43
:108C90004814002030B570B10B4B5B6898420AD085
:108CA000036843B1D3E90421D0E90445121941EB2B
:108CB0000501C3E90421D0E9003213605A600023A2
:108CC000C0E9003330BD00BF54070020B3F1FF3FBF
:108CD00008BFB2F1FF3F2DE9F84F0446994615460B
:108CE0001F467AD08160EFF31188102383F3128836
:108CF000BFF36F8FB9F1000FDFF8E4A020DBFFF7BF
:108D0000BFFFDAE90027013549F100092D1849EBC9
:108D1000E073C4E90453AD18064643EB07074FF070
:108D20000109FFF7A5FFDFF8BCE0DEF804A0034669
:108D3000EBB9C4E900EACAF80040CEF8044028E0E4
:108D4000DAE900126FF001035B1A4FF0FF3161EBBB
:108D500002025B1B62EB0902012B72F10001BCBF36
:108D600001230022C0E904324FF00009D9E7D3E91A
:108D7000041CD4E904208A4270EB0C0B24DA891A13
:108D80005A686CEB0000C3E90410C4E900321460B7
:108D90005C60FFF76DFF84420ED1134B1B685BB91B
:108DA000B9F1000F02D1FFF76BFF0646304608F01D
:108DB0001AF80021FEF7B0FD88F31188BFF36F8F1A
:108DC00028463946BDE8F88F521A60EB0C009A45E8
:108DD000C4E90420ADD01B68AAE700252F46EFE7C1
:108DE0006811002054070020481400202DE9F047A6
:108DF000EFF31185102383F31288BFF36F8FDFF831
:108E0000A490DFF8A480C9F80000FFF731FF002626
:108E10000027D9F80030D8E900ECD91750B1D0E9D3
:108E20000442A34271EB020A1CDAE41A62EB01026B
:108E3000C0E9044213EB0E034FF000044CEB0101B8
:108E40002046C8E90031C9F8004007F0CCFF2146B0
:108E5000FEF762FD85F31188BFF36F8FBDE8F04721
:108E6000FFF7BABE14EB0E024CEBE473C0E90467E3
:108E7000C8E90023FFF70EFF85F31188BFF36F8F5A
:108E800083689847EFF31185102383F31288BFF3AB
:108E90006F8FD9F800301B1BC9F80030FFF7E8FED0
:108EA000B7E700BF481400206811002010B5EFF3A9
:108EB0001184102383F31288BFF36F8FFFF7E0FE56
:108EC000054A0346D2E90001181841EBE37184F327
:108ED0001188BFF36F8F10BD68110020F8B50546EB
:108EE000EFF31187102383F31288BFF36F8F0368AA
:108EF00023B187F31188BFF36F8FF8BDD0E90A461D
:108F0000611C46F10002022972F1000236D3012CE5
:108F100076F10002BCBF01241E46013C46F1FF363B
:108F200007F0A4FF013041F10001001946EB0101F7
:108F3000012871F1000130DB07F098FF013041F1A9
:108F400000016FF00203001946EB010183426FF04C
:108F500000438B4126DB07F089FF013041F100011E
:108F60006FF00102001946EB0103121A4FF0FF31B6
:108F700061EB03031C492846FFF7A8FE2B6B013366
:108F80002B632B6A93B93C462B4653F8185F9D42DE
:108F900000D0D5B984F31188ADE76FF001024FF02E
:108FA000FF33E7E700224FF00043E3E787F3118840
:108FB000BFF36F8F2B6A28469847EFF31184102375
:108FC00083F31288BFF36F8FDEE7284607F07FFE3A
:108FD0000023AB6784F31188BFF36F8F2846BDE889
:108FE000F84007F065BE00BFDD8E00082DE9F041B6
:108FF00005461C4690461F46EFF31186102383F367
:109000001288BFF36F8FB4F1FF3F08BFB2F1FF3F8B
:1090100005D186F31188BFF36F8FBDE8F081002C76
:1090200009DB012A74F10003BCBF0122002412F104
:10903000FF3844F1FF37284607F0ECFEDDE9060172
:109040000023C5E90A012B6342463B4628460249F4
:10905000FFF73CFEDDE700BFDD8E0008F8B50746F0
:109060000C46164607F0DFFD08B10020F8BD0D4B99
:109070009B681D6F002DF8D0221DF6D2EFF31184EE
:10908000102383F31288BFF36F8F47F00401284643
:10909000B04784F31188BFF36F8F0028E5D040F804
:1090A000045BE3E7201400200146024A0020FFF79A
:1090B000D5BF00BF6FE20008014805F0B8B900BF96
:1090C0002930010838B5064C064DAC4201D30020CA
:1090D00038BDD4E90112204607F03FFF1434F4E70D
:1090E0006C0900206C0900202DE9F8431D46064656
:1090F0000F461446F8F7ACFA564B93F9003001339B
:10910000804689462AD022462B4620462946F7F734
:1091100027FE18BB32463B4630463946F7F720FE5D
:10912000002841D10022002330463946F7F7E6FDFA
:10913000C0B10022002320462946F7F7DFFD0028B2
:109140003AD12046294600F053F938B12046294645
:1091500000220023F7F7DCFD002859D1404649469C
:10916000BDE8F8834046494600F042F960B300226A
:10917000002340464946F7F7C1FD0028EED03046AF
:10918000394600F035F90028E8D02046294600F09D
:109190002FF90028E2D005F002FF222303604FF0F0
:1091A00000084FF00009D9E7204629460022002395
:1091B000F7F7A4FD0028D1D0DFF89C904FF000080D
:1091C00040464946BDE8F8833046394600F010F97C
:1091D0000028CCD02046294600F00AF90028C6D045
:1091E00042464B4640464946F7F7BAFD20BB05F0DC
:1091F000D6FE034622221A6030463946002200235A
:10920000F7F786FD68B9DFF854904FF00008A5E73E
:1092100005F0C5FE21230360DFF844904FF00008FD
:109220009CE72046294600F0EFF822462B46F7F748
:1092300065FD0028E7D1EFE705F0B1FE002200232D
:109240002121016010461946F7F71AFC804689462D
:1092500084E700BFEC0800200000F03F0000F07F32
:109260000000F0FF2DE9F8435E4F8F4304460D46A2
:1092700000F0A68000290B460646024656DD08157A
:1092800000F08F80C3F31303A0F2FF36C00743F44E
:10929000801303D4D10F01EB430352005B00002580
:1092A00003EBD273761052001620AC464FF4001137
:1092B0000CEB0104A34203DB1B1B01EB040C0D446C
:1092C0005B00013803EBD2734FEA51014FEA4202CF
:1092D000EED10746804620244FF000400AE039D006
:1092E000590001EBD271013C0B464FEA42024FEAB2
:1092F00050003BD09C4508EB000EF0DABEF1000FA9
:109300000EEB00080CDBE146A3EB0C01964588BF91
:1093100001F1FF314900CC46A2EB0E020744E0E721
:10932000B8F1000FEFDB0CF10109EDE721F0004788
:1093300007432AD000294DD1D10A153B52050029F7
:10934000FAD0CD02184616460B462AD520244FF0F7
:10935000FF3131E0964502D94FEA4C01C1E7BEF139
:10936000000F0EEB000812DB0021D5E7114312D1EC
:109370007C086B1003F17F53EA0703F5001348BF25
:1093800044F0004403EB06512046BDE8F883B8F1F1
:10939000000FC8DAE8E7791C16BF781C01354408CD
:1093A000E7E700225B00DC02114602F10102F9D579
:1093B000C2F1200406FA02F2E640401A334361E7A4
:1093C00002460B46F7F732FA22462B46F7F778F8B3
:1093D000BDE8F883F7F772F802460B46F7F750FB43
:1093E000D3E700BF0000F07F21F00043194670472B
:1093F00041F0004000F58010C00F70470149002087
:10940000704700BF0000F87FF0B5C1F30A55A5F220
:10941000FF3EBEF1130F83B002460B460C46844656
:109420004FEAD17663DCBEF1000F31DB404941FAEF
:109430000EF101EA030010435FD003EA510352EA40
:10944000030C4FEA51010ED0AEF1130C24EA0101D6
:10945000BCFA8CFC4FF480244FEA5C1C44FA0EF4F6
:109460004FEACC7C0C43334901EBC6012346D1E9DA
:109470000045624620462946F7F722F8CDE900016B
:10948000DDE9000122462B46F7F718F803B0F0BDDE
:1094900021F0004101431946F8D0C3F313020243FF
:1094A000244D5342134305EBC605D5E90067620C12
:1094B0001B0B03F40023520443EA02010B4602464D
:1094C00039463046F6F7FCFFCDE9000132463B460F
:1094D000DDE90001F6F7F2FF04F0004421F000415D
:1094E000024644EA01031046194603B0F0BDBEF13E
:1094F000330F06DDBEF5806F17D01046194603B056
:10950000F0BDA5F213454FF0FF31E9400842F4D019
:109510004B0810EA5101A6D04FF0804C20EA03031B
:109520004CFA05FC43EA0C0C9DE7F6F7C9FFADE7E2
:10953000FFFF0F0078170108024B0146186800F082
:109540000BB800BF64070020024B0146186802F008
:1095500073B900BF640700202DE9F04F01F10B053E
:10956000162D83B0064624D8102900F2B08000F0F2
:1095700001FB102518224FF0020CBC4F3A44A2F117
:10958000080354689C4200F00B816368E268A1689C
:1095900023F003032344CA6091605A6842F0010239
:1095A00030465A60083400F0EBFA204603B0BDE8BC
:1095B000F08F35F0070500F18A80A94200F287801C
:1095C00000F0D8FAB5F5FC7FC0F058816B0A00F0C6
:1095D0008280042B00F20B81AB0903F1390C03F1FB
:1095E00038044FEACC03A14F3B44A3F108005B6869
:1095F000984206D10CE0002980F2C080DB689842D6
:1096000006D05A6822F00302511B0F29F3DDA4464D
:10961000DFF85C823C69444500F09D80636823F07C
:109620000309A9EB05030F2B00F32D81002BC7E9DC
:10963000048880F20E81B9F5007FD7F804E080F04D
:10964000B6804FEAD90101314FEA5919012303FAD3
:1096500009F357F83120A2604EEA030E07EBC1036D
:10966000083BE360C7F804E047F83140D4604FEAB4
:10967000AC0301209840704533D810EA0E0F07D193
:109680002CF0030C400010EA0E0F0CF1040CF9D082
:1096900007EBCC0A5346E146D9680EE04A6822F04F
:1096A0000302A2EB050EBEF10F0F0C46C96800F3D2
:1096B000AC80BEF1000F80F2BF808B42EED109F189
:1096C000010919F0030F03F10803E5D123E10C238D
:1096D0003360002469E74FF400734FF0400C3F24DF
:1096E00081E7BC68636823F00308A84503D3A8EBAF
:1096F00005030F2B32DC5F4B1A685F4B1968013191
:109700002A4404EB080A00F06B8102F580520F3204
:1097100022F47F6222F00F0211463046009200F0E0
:1097200035FAB0F1FF3F009A534B814605D0824590
:1097300040F2C480BC4200F00481BC68626822F040
:109740000302AA42A2EB050301D30F2B06DC30462D
:1097500000F016FABDE7D7F804E088E7621943F095
:10976000010345F0010565603046BA60536000F0C2
:1097700007FA0834204603B0BDE8F08FD3E9024170
:109780001A44E1608C60516841F00101304651603B
:1097900003F1080400F0F4F9204603B0BDE8F08FAF
:1097A000D468A2427FF4F1AE0CF1020C30E7B9F5B7
:1097B000206F4FEA59227AD3142A00F22D8102F148
:1097C0005C03DB005B32F918FB580839994203D17E
:1097D00008E19B68994204D05A6822F003024A4586
:1097E000F7D8D968C4E902318C60DC603FE7142BFC
:1097F00040F28580542B00F218812B0B03F16F0C83
:1098000003F16E044FEACC03EDE63046A668631917
:1098100045F001056560F1608E604EF00101C7E919
:109820000433C3F80880C3F80C80596044F802E0A0
:1098300000F0A6F90834B8E622443046536843F0F5
:109840000103536054F8083FD9608B6000F098F929
:10985000ABE6A1443046D9F8043043F00103C9F81F
:109860000430083400F08CF99FE600BF00000020AF
:10987000080000207C1400205C0700204FEAD50C73
:1098800005F1080279E6621943F0010145F001058E
:1098900065603046C7E90422C2F80880C2F80C802F
:1098A000516044F8093000F06BF908347DE64FEA66
:1098B000991202F13903DB00383284E7DFF804B291
:1098C000DBF800101144CBF80010084640D1C9F372
:1098D0000B0CBCF1000F3BD1D7F80890424442F08A
:1098E0000102C9F80420784B1868884238BF196013
:1098F000764B1868884238BF19604C461FE703F161
:109900005C0C03F15B044FEACC036CE65AF80839AF
:10991000534540F0D5801CF0030F0CF1FF3CF5D10E
:109920007B6823EA00037B60400098423FF6D9AE93
:1099300018B9D6E6400009F104091842FAD0CC461D
:10994000A6E6DFF880B1DBF800001044CBF8000099
:10995000196801311BBFA9EB0A031B18C3F800905B
:10996000CBF8003019F0070345D0C3F10801894452
:10997000C3F580514A440831891AC1F30B0A514694
:1099800030460193009200F001F9421CDDE900230A
:109990007AD0A0EB090000EB0A02DBF80030C7F830
:1099A000089042F001020AEB0301BC42C9F804200E
:1099B000CBF8001097D0B8F10F0F41D96268A8F129
:1099C0000C0323F0070302F001021A436260E2185D
:1099D00005200F2B506090604CD8D9F8042082E706
:1099E000103299E69210012000FA02F24EEA020EBD
:1099F000C7F804E0F6E609EB02014942C1F30B0A9D
:109A0000514630460193009200F0C0F8431CDDE956
:109A10000023BED19A46C0E7542A15D84FEA19321E
:109A200002F16F03DB006E32CDE6B3F5AA7F15D8E5
:109A3000EB0B03F1780C03F177044FEACC03D2E58A
:109A40000123C9F8043082E6B2F5AA7F23D84FEA91
:109A5000D93202F17803DB007732B4E640F2545297
:109A6000934223D8AB0C03F17D0C03F17C044FEA45
:109A7000CC03B8E504F10801304601F0DDFED7F86B
:109A80000890DBF80010A8E7083B1A44A2EB090293
:109A90004FF0000A81E740F254539A420CD84FEA43
:109AA000994202F17D03DB007C328CE64FF47E7339
:109AB0004FF07F0C7E2496E54FF47E737E2282E683
:109AC0007B6831E74C1400207814002074140020C7
:109AD000830730B547D0541E002A3ED0CAB2034691
:109AE00001E0013C39D303F8012B9D07F9D1032C88
:109AF0002CD9CDB205EB05250F2C05EB054535D945
:109B0000A4F1100222F00F0C03F1100EE6444FEA0C
:109B1000121C1A46156055609560D560103272456A
:109B2000F8D10CF1010214F00C0F03EB021204F057
:109B30000F0C13D0ACF1040323F0030304331344DC
:109B400042F8045B9A42FBD10CF003042CB1C9B279
:109B50001C4403F8011B9C42FBD130BD64461346F4
:109B6000002CF4D1F9E703461446C0E71A46A44690
:109B7000E0E700BF014805F00ABA00BF6C09002009
:109B8000014805F00ABA00BF6C09002038B5074D3E
:109B90000022044608462A60FBF73CFE431C00D026
:109BA00038BD2B68002BFBD0236038BD801400200B
:109BB0000CB410B51F4B00291C689CB035DB4FF46A
:109BC0000273ADF81430029006901FAB18D0013923
:109BD0004FF6FF7204910791ADF8162002A91E9A64
:109BE0000193204600F03AF8421C01DA8B232360EF
:109BF000029B00221A701CB0BDE8104002B07047F2
:109C00004FF6FF7204910791ADF8162002A91E9A33
:109C10000193204600F022F8431C01DA8B232360D5
:109C20001CB0BDE8104002B070478B2323604FF09A
:109C3000FF30F5E76407002071B1034600EB010C2B
:109C400001E0634506D01A46013311780029F8D1A6
:109C5000101A7047181A7047084670472DE9F04FE0
:109C6000D9B00C46CDE90C0192460F9301F0E2FE0B
:109C7000036817931846F6F7C3FAA38916901D06D2
:109C800003D52369002B00F081870023CDE92D3314
:109C9000CDE91933CDE91B33129318930B930024AC
:109CA0000023CDF820A0CDE91434089B1B782FAAFF
:109CB0002C929346002B00F0E481DDF820A004E014
:109CC0001AF8013F002B00F01C81252BF8D1089BCE
:109CD000BAEB030540F01A819AF80030002B00F02F
:109CE000D08100239AF801508DF893300A930AF13D
:109CF000010A4FF0FF3907930AF1010AA5F1200389
:109D00005A2B00F23481DFE813F09B02320132015A
:109D100094023201320132016A00320132015C02E6
:109D20006E02320167027B02320174025B005B004B
:109D30005B005B005B005B005B005B005B00320173
:109D4000320132013201320132013201C8013201E5
:109D50002A028700C801C801C8013201320132015C
:109D60003201B80232013201B50032013201320152
:109D700034023201A60232013201F8063201320108
:109D8000320132013201320132013201C8013201A5
:109D90002A028B00C801C801C801E8028B008000BC
:109DA0003201DE023201D002B900BF02800032016E
:109DB00034027D001C07320132011F0732017D0091
:109DC000A5F1300300221AF8015B02EB820203EBDB
:109DD0004202A5F13003092BF5D90A928EE70C9DBA
:109DE000284601F027FE43681B931846F6F708FA49
:109DF0001C900446284601F01DFE83681993002C30
:109E000040F06B869AF8005076E7079B9AF800506E
:109E100043F0200307936FE7079B43F0100307937A
:109E2000079B9C0640F18A810F9B073323F00703B1
:109E30001A46596852F8083B0F920A460029C0F2A8
:109E4000B185B9F1FF3F00F0EB87079921F080065B
:109E500053EA020100F050850A2B72F1000180F0F4
:109E6000738730338DF85F310DF25F1307960893D7
:109E7000012634E0079B43F010030793079B13F080
:109E8000200200F04A810F9B073323F00703194695
:109E90005A6851F8083B0F91079921F48066002118
:109EA0000020B9F1FF3F8DF8930000F0898226F081
:109EB0008000079053EA020040F08182B9F1000F60
:109EC00040F0B787002940F01C8516F001061BBF43
:109ED00030238DF85F3158AB0DF25F1308930023E8
:109EE000B145CDE9103349469DF893200E93B8BF94
:109EF000314609911393002A4BD0099B01330993F2
:109F000047E0089BBAEB030500F0BB80089B2E9F3F
:109F1000CBE900352D9B01332F44072B2E972D9332
:109F200005DC0BF1080B0B9B2B440B93D4E6DDE90E
:109F30000C012CAA02F0A6F980B90DF1BC0BF2E7D6
:109F4000DDE90C012CAA02F09DF9002800F08880C0
:109F50000E9B1BB10E990C9801F06EFC0D9B9B891A
:109F6000590601F1D8820B9859B0BDE8F08F002D49
:109F700000F0878000228DF8FC508DF8932001239B
:109F8000CDE9102209931E463FAB0E9291461392E3
:109F90000893079B13F0020302D00999023109913B
:109FA000079911F0840405D1DDE909010F1A002F8A
:109FB00000F33E832E9F8AB12D9A0DF19301013259
:109FC0000137CBF80010072A4FF001012E972D9290
:109FD000CBF8041000F384830BF1080B83B12D9BA5
:109FE00025AA01330237CBF80020072B4FF00202DD
:109FF0002E972D93CBF8042000F380830BF1080BF0
:10A00000802C00F0F981A9EB0608B8F1000F00F3ED
:10A010003F82079BDA0500F16A81089BCBF800308C
:10A020002D9BCBF804600133F519072B2E952D934A
:10A0300000F3A7820BF1080B079B580705D5DDE954
:10A0400009239C1A002C00F36B83DDE90A2309998C
:10A050008A42ACBF9B185B180B93002D7FF470AF46
:10A0600000232D930E9B1BB10E990C9801F0E4FB7D
:10A070000DF1BC0BCDF820A0089B1B78002B7FF4C2
:10A080001CAE2E9B002B3FF469AF0D9C0C982CAAA4
:10A09000214602F0F7F8A38962E70F9B073323F00C
:10A0A0000703F3E802670F9327F000431F931E9600
:10A0B000DDE91E01AE4B4FF0FF32CDE91467F6F734
:10A0C0004FFE002840F0A084DDE91E01A84B4FF0B0
:10A0D000FF32F6F727FE002840F096840022002386
:10A0E00030463946F6F714FE002840F05B879DF8AD
:10A0F0009320079B9F4C23F0800307939E4B472D93
:10A10000C8BF1C4603210023CDE9103308940E93E9
:10A1100009910E4699461393EDE60F9951F8043BC9
:10A120000F91079911F010017FF4B6AE079A12F063
:10A13000400000F019879BB20A46ADE60F9A52F82C
:10A14000043B0F92079AD00600F15584079A5106F6
:10A1500040F14D8443F3C03211461BB26EE60F9BB3
:10A16000002253F8041B8DF893208DF8FC100F93F8
:10A1700005E70F9F57F8043B089300268DF893607E
:10A18000002B00F09E86B9F1FF3F00F00E85089885
:10A190004A463146F6F7A4F80E90002801F01D81DA
:10A1A0000E9B089A0F97B1469E1A26EAE673CDE9F0
:10A1B00010999DF893200993CDF83890CDF84C90E4
:10A1C00099E60F9B53F8042B0A92002A80F20A8426
:10A1D0000A9A0F9352420A92079B9AF8005043F052
:10A1E0000403079388E52B239AF800508DF89330E9
:10A1F00082E5079B9AF8005043F0800307937BE5C4
:10A20000524612F8015B2A2D01F01182A5F13003AC
:10A21000092B92464FF000093FF670AD1AF8015B2A
:10A2200009EB890903EB4909A5F13003092BF5D99D
:10A2300064E5079B9AF8005043F0010307935BE540
:10A240009DF893309AF80050002B7FF455AD2023F1
:10A250008DF8933050E5079B43F0100616F020026E
:10A2600000F089830F9B073323F0070319465A68D0
:10A2700051F8083B0F91012112E6079B9AF8005014
:10A2800043F00803079337E50F9A079B43F0020654
:10A2900052F8043B0F9247F63002ADF89420374A4B
:10A2A0001892022100227825FAE5079B9E0640F1CC
:10A2B00002840F9B0B9A1B681A60D2175A600F9B7F
:10A2C00004330F93D6E69AF80050079B6C2D00F0EC
:10A2D000548443F0100307930EE59AF80050079B4F
:10A2E000682D00F0418443F04003079304E5652D99
:10A2F00040F35381DDE9140100220023F6F7FEFC50
:10A30000002800F049822D9B1D4ACBF80020013324
:10A3100001370122072B2E972D93CBF8042000F351
:10A320008E850BF1080B269B129A934204DB079B48
:10A33000DB0701D43D467FE6169B179ADD19CBE972
:10A3400000232D9B2E950133072B2D9300F3FF83C4
:10A350000BF1080B129B5C1E002C7FF76DAE102CCE
:10A360002D9B084F40F37885DDE90C89102611E01C
:10A37000FFFFEF7F201D0108241D0108301D01088B
:10A38000601D0108641D01080BF1080B103C102C26
:10A3900040F3628501331035072BCBE90076CDE918
:10A3A0002D35F1DD2CAA4946404601F06BFF00280F
:10A3B0007FF4CEADDDE92D350DF1BC0BE6E7079E50
:10A3C00001293FF449AD022900F0768158AC03F031
:10A3D0000701DB0843EA4273D208303153EA02072F
:10A3E000204604F8011DF2D1F707089400F17682A7
:10A3F00058AB07961E1B72E5DDE90923A3EB0208A3
:10A40000B8F1000F7FF7FFADB8F1100F3A462D9B62
:10A41000C04F29DD1D9520961024DDE90C651946F5
:10A4200006E0A8F11008B8F1100F0BF1080B18DDC9
:10A43000013110320729CBE90074CDE92D12F0DD8E
:10A440002CAA294630460DF1BC0B01F01BFF002859
:10A450007FF47EADA8F11008B8F1100FDDE92D12E0
:10A46000E6DC1D9D209E0B460133CBF80070072BC8
:10A4700008EB0207CDE92D37CBF8048000F30E85F9
:10A48000A9EB0608B8F1000F0BF1080B7FF7C1AD7F
:10A49000B8F1100F3A462D9B9E4F2EDD59460C9C6D
:10A4A000C3464FF01009B84637462E460D9D06E0CC
:10A4B000ABF1100BBBF1100F01F1080118DD0133F6
:10A4C00094481032072BC1E90009CDE92D32EFDDA8
:10A4D0002CAA2946204601F0D5FE00287FF438AD8D
:10A4E000ABF1100BBBF1100FDDE92D322FA9E6DC2B
:10A4F00035463E464746D8468B460133CBF800707A
:10A50000072B08EB0207CDE92D37CBF8048000F3C9
:10A5100025820BF1080B7CE52D9B7F49CBF80010C1
:10A5200001337D1C0121072B2E952D93CBF80410B0
:10A5300000F34A850BF1080B002A40F0E084079BEA
:10A54000129A03F0010313433FF476AD169B179A5A
:10A550005919CBE900232D9B2E910133072B2D9305
:10A5600000F3EF850BF1080B089ACBF80020129A44
:10A57000CBF8042001335518072BCDE92D357FF793
:10A5800059ADDDE90C012CAA01F07CFE00287FF416
:10A59000DFAC2E9D0DF1BC0B4EE5129B012B0BF198
:10A5A000080640F37A81089BCBF800302D9B0133DD
:10A5B00001370122072B2E972D93CBF8042000F3AF
:10A5C000F981169A03F10108179BD519B8F1070F05
:10A5D000C6E90032CDE92D8500F3F8810836129BDB
:10A5E000DDE9140103F1FF3900220023F6F786FBB1
:10A5F000002840F08B81089CC6F8049008F10108FF
:10A6000001344D44B8F1070FCDE92D85346000F3D6
:10A61000598108361A9A726008F101031544072B14
:10A6200028AACDE92D353260ABDC06F1080B03E535
:10A63000102FDDE92D21DFF8E4802DDD1D93434649
:10A64000CDE92045B046DDE90C451E4604E0103F4B
:10A65000102F0BF1080B19DD013210311023072ADE
:10A66000CDE92D21CBF80060CBF80430EFDD2CAA2A
:10A67000294620460DF1BC0B01F004FE00287FF4B2
:10A6800067AC103F102FDDE92D21E5DCDDE9204529
:10A6900030461D9B4646804601323944072ACBF896
:10A6A0000080CBF804702E912D9200F3A9839DF8C1
:10A6B00093200BF1080B7DE4189C58A903F00F00C0
:10A6C0001B09205C01F8010D43EA0273120953EAE9
:10A6D0000200F3D158ABCDE907615E1AFFF7FFBB6B
:10A6E000DDE90C012CAA1D9301F0CCFD00287FF4BC
:10A6F0002FAC2E9F1D9B0DF1BC0B6FE4DDE90C010F
:10A700002CAA01F0BFFD00287FF422AC2E9F0DF192
:10A71000BC0B75E4641D0108601D0108741D01086F
:10A72000102C2D9BDFF8D88223DD4746DDF83490CE
:10A73000DDF83080102604E0103C102C0BF1080BE3
:10A7400016DD01331035072BCBE90076CDE92D3529
:10A75000F2DD2CAA494640460DF1BC0B01F092FDFA
:10A7600000287FF4F5AB103C102CDDE92D35E8DC3A
:10A77000B84601332544072BCBE90084CDE92D35BC
:10A780007FF763ACDDE90C012CAA01F07BFD00280A
:10A790007FF4DEAB2E9D58E4269A002A7FF7BCAEEC
:10A7A000109E129A089B9642A8BF1646002E1A4485
:10A7B0001D920BDDCBE900362D9B01333744072B6F
:10A7C0002E972D9300F39B850BF1080B109D002E07
:10A7D000A8BFAD1B002D00F3F081109BDDF8209089
:10A7E0009944079B5E0500F10D82269C129B9C42BA
:10A7F00003DB079AD50740F18E84169B179ADD1963
:10A80000CBE900232D9B2E950133072B2D9300F3CD
:10A81000D6850BF1080B129B1C1B1D9BA3EB090695
:10A82000A642A8BF2646002E0DDD2D9BCBF800903A
:10A8300001333544072BCBF804602E952D9300F39C
:10A84000D8850BF1080B002EA8BFA41B002C7FF7A6
:10A85000F3AB102C2D9B6B4F40F3FE82DDE90C898E
:10A86000102605E00BF1080B103C102C40F3F4828D
:10A8700001331035072BCBE90076CDE92D35F1DD1D
:10A880002CAA4946404601F0FDFC00287FF460AB4D
:10A89000DDE92D350DF1BC0BE6E7079BDC073FF545
:10A8A00082AE089BCBF800302D9B03F101087D1C84
:10A8B0000123B8F1070F2E95CDF8B480CBF8043002
:10A8C0007FF7A8AEDDE90C012CAA01F0DBFC002823
:10A8D0007FF43EABDDE92D852FAE9BE6302900F0FD
:10A8E000C882089A07963023023802F8013C58AB18
:10A8F0001E1A0890FFF7F3BAB9F1000F7FF4B1AA5E
:10A90000079658AB4E460893FFF7E9BA129B012B06
:10A910007FF780AE112B3B4F40F3E4824346102477
:10A92000DDE90C8B06E00836A9F11009B9F1100F2A
:10A9300040F3D78201331035072BC6E90074CDE907
:10A940002D35F0DD2CAA5946404601F09BFC00282D
:10A950007FF4FEAADDE92D352FAEE5E7DDE90C0138
:10A960002CAA01F08FFC00287FF4F2AA2E9F0DF193
:10A97000BC0BFFF74EBB0F9951F8043B0F9116F03B
:10A9800010010CD116F0400004D00A469BB2012100
:10A99000FFF786BA16F400721CBFDBB20246012133
:10A9A000FFF77EBA5B42079E62EB42022D20012137
:10A9B000FFF777BADDE90C012CAA01F063FC00284F
:10A9C0007FF4C6AADDE92D372FAEFAE5DDE90C01EB
:10A9D0002CAA01F057FC00287FF4BAAADDE92D85E6
:10A9E0002FAEFCE59AF800500F93FFF785B9079A50
:10A9F000920500F1A083DA171146FFF71FBA00BFD6
:10AA0000741D0108641D0108DDE9140102460B46AE
:10AA1000F6F7A6F9002840F0BF85612D00F08C8480
:10AA2000412D00F0F684B9F1FF3F00F0A58325F039
:10AA30002003472B04D1B9F1000F08BF4FF00109E3
:10AA4000DDE91412079C002A44F480700990C0F2DA
:10AA5000AA84CDE9221200231D930E93A5F1410390
:10AA6000252B00F2BF82DFE813F09103BD02BD0287
:10AA7000BD028A038E03BD02BD02BD02BD02BD023E
:10AA8000BD02BD02BD02BD02BD02BD02BD02BD02CE
:10AA9000BD02BD02BD02BD02BD02BD02BD02BD02BE
:10AAA000BD02BD02BD02BD02BD02BD02BD02BD02AE
:10AAB000BD028A038E03079BDD0600F1FC81079B24
:10AAC0005C0600F13283079B980540F1F4810F9BEF
:10AAD0000B9A1B681A70FFF7F2BB199B9AF800508B
:10AAE000002B3FF409A91B78002B3FF405A9079B15
:10AAF00043F480630793FFF7FFB8BD4B1893079BA0
:10AB000013F0200200F002810F9B073323F00703AC
:10AB100019465A6851F8083B0F910798C1070AD5A2
:10AB200053EA020107D040F00201079130218DF86D
:10AB300095508DF89410079921F480660221FFF753
:10AB4000AFB9079EFFF78ABBAA4B1893D7E7DDE999
:10AB50000C012CAA01F096FB00287FF4F9A92E9D88
:10AB60000DF1BC0BFFF7F6BB43F400739AF80150EC
:10AB700007930AF1010AFFF7BFB843F020039AF8E0
:10AB8000015007930AF1010AFFF7B6B80C9840216B
:10AB9000FEF7E2FC0D9B18601861002800F0B884F5
:10ABA0000D9A40235361FFF770B808980F97F5F797
:10ABB00027FBB1460646FFF7F8BA102D3A462D9B03
:10ABC0008D4F40F3E081DDE90C48102605E00BF1E4
:10ABD000080B103D102D40F3D68101331032072BA6
:10ABE000CBE90076CDE92D32F1DD2CAA4146204695
:10ABF00001F048FB00287FF4ABA9DDE92D320DF10F
:10AC0000BC0BE6E71199CDF880A05A4638467A4E3B
:10AC1000DDF864A01C9BDDF834B04F464FF01008FF
:10AC2000DDF84C9081B3B9F1000F00F0FC8009F120
:10AC3000FF391B99C2E900132D99013118440729E6
:10AC40002E902D9173DC08321D9C9AF80010E51BA4
:10AC50008D42A8BF0D46002D0CDD2D9901312844F1
:10AC60000729C2E900752E902D9100F308819AF80A
:10AC700000100832002DACBF4C1B0C46002C12DC1F
:10AC80000F4411990029CED1B9F1000FCFD11D9BEE
:10AC9000CDF864A0B9469945DDF880A093460746F3
:10ACA00028BF9946A1E5102C2D9940F387840C9D6F
:10ACB0000893109604E0103C102C02F1080215DDF8
:10ACC000013110300729C2E90068CDE92D10F2DD0D
:10ACD0002CAA5946284601F0D5FA00287FF438A955
:10ACE000103C102CDDE92D102FAAE9DC089B109DEB
:10ACF0001560013120440729CDE92D10546000F37F
:10AD00000B839AF8001008320F44BAE70F9951F8F4
:10AD1000043B0F91079911F010017FF4FEAE079AE2
:10AD200012F0400000F028819BB20A46F5E60C982C
:10AD300008932CAA594601F0A5FA00287FF408A927
:10AD40002E98089B2FAA7FE706F480670996CDE925
:10AD500007A5DFF8A880199E4FF0000C58AC05E05D
:10AD60000A2B72F1000235D353462A46991841F155
:10AD70000001A8FB010525F0030000EB9500091A6E
:10AD8000581A4FF0CC3562F1000E05FB00F508FBB8
:10AD90000E55A0FB08A005440AF0010E0520AEFBED
:10ADA000000E40184FEA5A0A303004F8010C4AEA03
:10ADB000C57A0CF1010C013C6D08002FD0D0317820
:10ADC0008C45CDD1BCF1FF0FCAD00A2B72F1000225
:10ADD00080F0ED801996DDE9085658ABDDF81CA02F
:10ADE000CDF848C0CDE907641E1BFFF778B800BF57
:10ADF000441D0108301D0108641D0108CDCCCCCCD8
:10AE0000DDE90C012CAA1D9301F03CFA00287FF427
:10AE10009FA89DF893201D9B0DF1BC0BFFF7CAB8AE
:10AE2000079EFFF719B8119901390AF1FF3A1191FC
:10AE3000FFE60129079E7FF4C6AAFFF712B8DDE9F5
:10AE40000C012CAA01F01EFA00287FF481A82E9F85
:10AE50000DF1BC0BFFF767BA01332544072BCBF884
:10AE60000070CBF80440CDE92D357FF7E3A8FFF75C
:10AE700088BB089A079658AB9E1AFFF730B80C9813
:10AE800008932CAA594601F0FDF900287FF460A828
:10AE90009AF800102E98089B2FAAEBE6DDE90C012A
:10AEA0002CAA01F0EFF900287FF452A82E9F0DF193
:10AEB000BC0BFFF7A8B80F9B0B9A1B681A60FFF733
:10AEC000FEB94E46062E1A4628BF062699460E9310
:10AED000BF4B0996CDE910220F9708931392FFF705
:10AEE0000AB8984608F101084D44B8F1070FCDE9BA
:10AEF0002D853760C6F804907FF78BABE2E4169B94
:10AF000017985919CBE900032D9B2E910133072B7C
:10AF10002D9300F316810BF1080B002ABFF624AB2A
:10AF200056421032AB4F80F2CB82DDE90C4810253F
:10AF300005E00BF1080B103E102E40F3C1820133E7
:10AF40001031072BCBE90075CDE92D31F1DD2CAAAD
:10AF50004146204601F096F900287EF4F9AFDDE97C
:10AF60002D310DF1BC0BE6E7079A12F400721CBFFD
:10AF7000DBB20246FEF790BF079A12F400721CBFC4
:10AF8000DBB20246C9E50133CBF80070072B05EBB5
:10AF90000207CDE92D37CBF8045000F3E0800BF128
:10AFA000080B1AE42D228DF89320FFF7A2B81C9B02
:10AFB0001B99E41A1A46204601F030F9737803B160
:10AFC00001364FF0000CCFE6DDE90C012CAA01F0B0
:10AFD00059F900287EF4BCAF269A2E9D0DF1BC0BCA
:10AFE000FFF7AABA4F460223CDE900372AAB0493F4
:10AFF00027AB039326AB02930C98DDE92223F7F7E6
:10B000001FF9672D089000F00682472D00F0958209
:10B01000089B25F02008B8F1460F03EB070605D181
:10B020001B78302B00F0DC82269F3E44DDE92201B4
:10B0300000220023F5F762FE002800F03C81334631
:10B04000089A9B1A1293269A1092B8F1470F00F0B3
:10B050002081B8F1460F00F0F681531E612D269332
:10B0600000F0D682412D40F01C8150210120002BA0
:10B07000B6BFC2F101032B222D22092B8DF8A0109F
:10B080008DF8A12040F335820DF1AF06524F3246C4
:10B090001046A7FB0312D20802EB8201A3EB410189
:10B0A000303100F8011C19466329134600F1FF32C4
:10B0B000EEDC303302F8013C831EB34280F0B482F0
:10B0C0000DF1A10213F8011B02F8011FB342F9D1DF
:10B0D00058AB181AA0F1AD031A93129B1A9A012BC0
:10B0E00003EB020640F32582169B1E4424F4806382
:10B0F00043F4807307930023CDE9103326EAE67208
:10B10000139309921D9B002B40F0CE809DF8932055
:10B110009946FEF7F0BE1D9A1C1BA2EB0906A6423B
:10B120003D46A8BF2646FFF78EBB0F9B0B9A1B68B8
:10B130001A80FFF7C4B843F3C01211465BB2FEF7A2
:10B140007DBEDDE90C012CAA01F09CF800287EF4FC
:10B15000FFAEDDE92D31269A0DF1BC0BDDE6DDE910
:10B160000C012CAA01F08EF800287EF4F1AE2E9F7F
:10B170000DF1BC0BFFF731BB4FF0060960E409F19C
:10B180000107022330E74F4603232DE726AADDE916
:10B19000220101F00BF800224FF07F53F5F746FB38
:10B1A0000022002306460F46F5F7A8FD002840F0D0
:10B1B000B7810A4B079309F1FF33CDE9209B119525
:10B1C000CDE9124ADDF82080DDF81CB01D460DE007
:10B1D000581D0108641D0108CDCCCCCC441D0108CC
:10B1E00000220023F5F78AFDF0B94D46AB4B002253
:10B1F00030463946F5F71AFB0F460646F5F7C6FD09
:10B200000446F5F7A9FA0B46024639463046F5F7EB
:10B2100055F91BF80430C24608F8013B6B1C05F1D8
:10B22000FF3906460F46DBD19D4B10950022304674
:10B230003946119D1194DDE9209B129CCDF848A060
:10B24000DDF84CA0F5F782FD002840F00A81944B10
:10B25000304639460022F5F751FD18B1119BDF0742
:10B2600000F1FF80109B002BC0F21681109B013370
:10B270004344302208F8012B4345FBD1089A9B1A1E
:10B28000129325F02008DEE6089A2A9B9B1A269A3C
:10B290001293D31C109201DB914518DA531E023D24
:10B2A0002693E9B20020E2E62D228DF893204FF09C
:10B2B0000009FEF722BE2A9BB342BFF4C1AE302183
:10B2C0005A1C2A9219702A9B9E42F9D8B8E6129B02
:10B2D000934200F3A780E30740F15C81169BD618E8
:10B2E000670502D5002A00F32F81099B079326EA00
:10B2F000E6730993672500231393119302E7DDE9B1
:10B300000C012CAA00F0BEFF00287EF421AE2E9F77
:10B310000DF1BC0BFFF75ABA0C9808932CAA5946AA
:10B3200000F0B0FF00287EF413AE9AF800102E98BB
:10B33000089B2FAA0F44A4E478238DF8953030237E
:10B340008DF89430079BB9F1630F43F0020400F3CA
:10B35000AB8000230E933FAB0893079B43F48173AC
:10B360000993159B002B21DB00231D93DDE914239A
:10B37000CDE92223612D7FF471AB26AADDE92201FC
:10B3800000F014FF00224FF07F53F5F74FFA002230
:10B39000002306460F46F5F7B1FC002840F0C080B8
:10B3A000404B079307E70023079C0E93DDE9142326
:10B3B00003F1004323932D2322921D93DAE7DDE965
:10B3C0000C012CAA00F05EFF00287EF4C1AD269C83
:10B3D0002E9D0DF1BC0BFFF71EBA4E46CDF8249002
:10B3E000CDE910009DF893200F9781461390FEF74A
:10B3F00082BDDDE90C012CAA00F044FF00287EF498
:10B40000A7AD269C129B2E9D1C1B0DF1BC0BFFF7BC
:10B410001ABA582391E7E6077FF536AFC6194FF001
:10B42000470803E6129B169A9E18109B002B40F3C8
:10B43000C8806725620500F18880099B079326EA8A
:10B44000E673099357E7109A04F00103002A43EAD0
:10B45000090340F3D580002B40F0BD80109E662587
:10B46000E8E7129B079A2A93D17B18F8013C8B429C
:10B47000424609D1302002F8010C2A9A531E2A9321
:10B4800012F8013C9942F6D0392B0BBF079B0133D0
:10B490009B7ADBB202F8013C4346EFE60000304005
:10B4A0000000E03F301D01080C9809F10101FEF792
:10B4B00053F80890002800F0C980089B0E934CE7D1
:10B4C00001333144072BCDE92D31CBF80070CBF897
:10B4D00004607FF747A8DDE90C012CAA00F0D2FE3A
:10B4E00000287EF435ADDDE92D310DF1BC0BFFF701
:10B4F0003BB8002840F0818030228DF8A2200DF169
:10B50000A302303302F8013B28ABD31A1A93E4E5C7
:10B510000C9A0C2313604FF0FF330B93FEF723BDFF
:10B520004E4B4F4A612D18BF1A46012307922693AE
:10B5300041E6E2077FF5DAADD6E5E1077FF5A4AE97
:10B54000089BA846DE1971E5672519990B78FF2B32
:10B5500078D00024109A204603E001300131FF2BFF
:10B5600008D0934206DAD21A4B78002BF5D10B782B
:10B570000134F4E71991119013941092099B119AD8
:10B580000793139B13441C9A02FB036626EAE67397
:10B590000993B7E51646A3E6159B324C002B079B93
:10B5A000A8BF9DF8932023F08003B8BF2D220793F6
:10B5B000B8BF8DF893202C4BFEF7A1BD2B4DFFF7A4
:10B5C00097BBC3F101031E44099A079226EAE6736A
:10B5D000099367258FE6169BD6184E44662529E702
:10B5E000DDE9220100220023F5F788FB00287FF423
:10B5F0001BADC7F10107269717E50DF1A20280E701
:10B6000043B9099B07930123099366251E4672E6F9
:10B6100070212BE5099B0793169B5E1C4E4426EA7E
:10B62000E6730993662566E602231A9355E50F9B98
:10B630009AF80150924653F8042B0F9342EAE279AC
:10B64000FEF75ABB00231393119397E70D998B894B
:10B6500043F0400213468A81FEF782BC441D010874
:10B66000301D0108281D01082C1D0108641D01085A
:10B670002DE9F04F03690C69A34283B0C0F28A80C0
:10B68000013C01F1140500F1140855F8243058F874
:10B69000242001339A428E4681464FEA840105EB0D
:10B6A000840708EB840AB2FBF3F63AD3CDE9001520
:10B6B0000022AC46404613465CF8041B05681FFA9E
:10B6C00081FB06FB0B22090C4FEA124B06FB01BB68
:10B6D00092B2A9B2891A19441FFA8BF3C3EB214322
:10B6E00003EB154389B241EA0341674540F8041B67
:10B6F0004FEA1B424FEA2343DED2DDE9001558F83A
:10B70000013073B9AAF1040AD04504D307E0D0454B
:10B7100004F1FF3403D25AF80439002BF7D0C9F8EA
:10B7200010407146484600F011FC00282EDB4146CF
:10B73000002255F8040BD1F800C01FFA80FE1FFA52
:10B740008CF3A3EB0E031344020CC2EB234202EB77
:10B750001C429BB243EA0243AF4241F8043B4FEA2A
:10B760002242E6D258F8242008EB84036AB9043B4D
:10B77000984504D307E0984504F1FF3403D253F809
:10B780000429002AF7D0C9F810400136304603B02A
:10B79000BDE8F08F002003B0BDE8F08FF8B5234F6F
:10B7A0000C460646FEF7E6F9BB685D6825F0030522
:10B7B00005F6EF73191B21F47F6121F00F01A1F54C
:10B7C0008054B4F5805F07DB00213046FEF7DEF9D8
:10B7D000BB682B44984204D03046FEF7D1F90020D4
:10B7E000F8BD61423046FEF7D1F901300DD0104A64
:10B7F000BB682D1B45F001055D60136830461B1BBF
:10B800001360FEF7BDF90120F8BD00213046FEF7B8
:10B81000BDF9BA68831A0F2BDEDD43F001035360D4
:10B82000044B03491B68C01A0860D5E700000020DC
:10B830004C1400205C07002000297CD0F8B50C4691
:10B840000646FEF797F954F8043C774FA4F1080533
:10B8500023F001016818D7F808C04268844522F037
:10B86000030200F08380DB07426000EB020C33D45C
:10B8700054F8084CDCF804302D1B2144AC6807F167
:10B88000080C644503F0010364D0D5F80CE0C4F85B
:10B890000CE0CEF80840002B00F0818041F001035D
:10B8A0006B600160B1F5007F22D27868CB0801227D
:10B8B000490901338A40024357F833107A6007EB95
:10B8C000C302083AC5E9021247F83350CD6030464A
:10B8D000BDE8F840FEF754B9DCF80430DB072BD59F
:10B8E00041F00103B1F5007F44F8043C0160DCD372
:10B8F000B1F5206F4FEA512353D28B0903F1390080
:10B9000003F13802C300F818FB580838984203D1F5
:10B9100063E09B68984204D05A6822F003028A428E
:10B92000F7D8D868C5E902308560DD603046BDE8EB
:10B93000F840FEF725B97047114407F1080C8368F9
:10B9400063453FD0C268DA60936041F001036B60E9
:10B950006950A7E7002B61D10A44D0E90213CB60FC
:10B96000996042F001036B60AA50B0E70A44D9071E
:10B9700007D454F8083CED1A1A44D5E90213CB60F9
:10B98000996042F001036B60284BBD601B689342D5
:10B990009DD8274B30461968FFF700FF97E7114401
:10B9A000CDE7142B08D9542B1FD80B0B03F16F00D4
:10B9B00003F16E02C300A6E703F15C0003F15B0232
:10B9C000C300A0E741F001033D617D61C5F808C0F7
:10B9D000C5F80CC06B60695079E779689210012452
:10B9E00004FA02F20A437A609CE7B3F5AA7F06D80C
:10B9F000CB0B03F1780003F17702C30083E740F239
:10BA00005452934206D88B0C03F17D0003F17C0263
:10BA1000C30078E74FF47E737E2274E741F00103A0
:10BA20006B60016053E700BF00000020600700204A
:10BA30007C1400200048704758080020C36C70B583
:10BA400005460C464BB153F8240080B1026843F818
:10BA500024200023C360036170BD2122042100F073
:10BA6000B5FC0346E8640028EDD1002070BD01213B
:10BA700001FA04F6721D9200284600F0A7FC002887
:10BA8000F3D0C0E90146E4E731B1C36C4A6853F82A
:10BA90002200086043F82210704700BF2DE9F041F2
:10BAA0000D6907460E461C4601F1140E0020DEF813
:10BAB00000108BB202FB03434FEA134C090C02FB4C
:10BAC00001CC01309BB203EB0C4385424EF8043BA2
:10BAD0004FEA1C44EBDC3CB1B368AB4207DD06EB3C
:10BAE000850301355C6135613046BDE8F0817168E0
:10BAF00038460131FFF7A2FF8046A8B13269023211
:10BB000006F10C0192000C30F4F73AFCFB6C726801
:10BB100053F82210316043F82260464606EB850355
:10BB200001355C613561DFE7024B03484246B521D0
:10BB300000F02CFC941D0108001E0108B0F5803FA8
:10BB4000034636BF030400201020B3F1807F3CBFC2
:10BB50001B020830B3F1805F3CBF1B010430B3F11E
:10BB6000804F03D3002B06DB013070479B0003D4CA
:10BB70005B0003D4202070470230704703307047C9
:10BB8000036813F00702014607D0DA071FD49807AD
:10BB900021D55B080B600120704798B2A0B1104618
:10BBA000DAB20AB908301B0A1A0704BF1B090430AD
:10BBB0009A0704BF9B080230DA0703D45B0800F140
:10BBC000010006D00B6070471B0C1020E8E7002036
:10BBD0007047202070479B080B600220704700BF11
:10BBE00038B5C36C04460D464BB15868B0B1026815
:10BBF0005A60002201234561C260036138BD2122E1
:10BC0000042100F0E3FB0346E0640028EDD1094B7A
:10BC1000094800224FF4A07100F0B8FB1C2201215A
:10BC2000204600F0D3FB0028F1D00122022342601D
:10BC30008360DEE7941D0108001E01082DE9F04F26
:10BC4000D1F810801569A84585B00E46924605DBEF
:10BC50002A46534645468A4690461E46DAF808303C
:10BC6000DAF8041005EB0804A342B8BF0131FFF76E
:10BC7000E5FE8446002800F08B8000F1140707EBF6
:10BC8000840E774505D23B46002243F8042B9E459F
:10BC9000FBD8143606EB88080AF11409464509EB6F
:10BCA000850566D2A5EB0A03153B23F003030AF1D1
:10BCB000150A043355452CBF9B464FF0040BCDF8B5
:10BCC00008E00394AE46E24605E0090C2AD1B045EF
:10BCD00007F104074AD956F8041B8DB2002DF4D0A1
:10BCE000CC463C46002301965CF8040B216886B2E2
:10BCF0008AB2000C05FB0622090C1A4405FB001150
:10BD000001EB124192B242EA0142E64544F8042BAB
:10BD10004FEA1143E8D8019E47F80B3056F8041C4F
:10BD2000090CD4D03B68002248461D463C46944648
:10BD3000028801FB02C202EB15429BB243EA0243B6
:10BD400044F8043B50F8043B25684FEA134CABB26F
:10BD500001FB0C3303EB124386454FEA134CE7D843
:10BD6000B04547F80B3007F10407B4D8DDE902E429
:10BD7000D446002C02DC05E0013C03D05EF8043D13
:10BD8000002BF9D06046CCF8104005B0BDE8F08F2C
:10BD9000034B0448624640F25D1100F0F7FA00BF21
:10BDA000941D0108001E010812F003032DE9F04163
:10BDB000144607462CD10D46A4101CD0BE6C86B389
:10BDC000E3074FF0000806D4641014D03068A8B11F
:10BDD0000646E307F8D5324629463846FFF72EFFD8
:10BDE00035B1FB6C696853F821202A6043F8215073
:10BDF00064100546EAD12846BDE8F0813246314656
:10BE00003846FFF71BFF3060C0F800800646E0E7C9
:10BE1000013B0F4A52F823200023FFF73FFE05465F
:10BE2000CAE701213846FFF709FE064640B1012363
:10BE300040F27122C0E904320023B8640360BFE716
:10BE4000044B054832464FF4A07100F09FFA00BF42
:10BE5000581E0108941D0108001E01082DE9F04735
:10BE60000C4690462769A368496807EB62177D1C5A
:10BE70009D4206464FEA621904DD5B009D4201F1D6
:10BE80000101FADC3046FFF7D9FD8446002851D085
:10BE9000B9F1000F00F114000EDD09F105024FEABF
:10BEA000820E03460CEB8202002143F8041B9342EE
:10BEB000FBD1AEF114031844216904F1140318F006
:10BEC0001F0803EB81012DD0C8F1200986464FF0F1
:10BED000000A1A6802FA08F242EA0A024EF8042B33
:10BEE00053F8042B994222FA09FAF2D80B1B153B9E
:10BEF00023F00303043304F11502914238BF0423F5
:10BF000040F803A0BAF1000F00D13D46F36C62681F
:10BF1000CCF8105053F822102160604643F82240BC
:10BF2000BDE8F087043853F8042B40F8042F9942F9
:10BF3000F9D8EAE7034B0448624640F2D91100F011
:10BF400025FA00BF941D0108001E01080B698446F4
:10BF50000069C01A15D10CF1140C14310CEB8302DA
:10BF600010B401EB830301E0944508D252F8044D6C
:10BF700053F8041D8C42F7D004D24FF0FF3010BCB0
:10BF800070477047012010BC704700BF2DE9F04F8B
:10BF900013690F69FF1A002F83B00D46904615D123
:10BFA00001F11406143202EB830206EB830301E075
:10BFB0009E4276D253F8044D52F8041D8C42F7D0BD
:10BFC00006D22B4601274546984601E0F9DB0027BB
:10BFD0006968FFF733FD8146002876D02E69C76077
:10BFE000D8F8100005F1140B08F1140E09F1140A29
:10BFF00005F110010EEB80000BEB860257464FF067
:10C00000000CCDF804B05EF8044B51F8045F1FFA41
:10C0100084FBABB2A3EB0B03240C6344C4EB1544C9
:10C0200004EB23449BB243EA0443704547F8043BC6
:10C030004FEA244CE7D8A0EB0801153989084C1CBD
:10C04000DDF804B008F11508A400404538BF042409
:10C050000BEB0405AA42544430D92746284650F831
:10C06000043B1CFA83FE190C634401EB2E419BB286
:10C0700043EA0143824247F8043B4FEA214CEED8A1
:10C08000013A521B22F00302144423B954F8043D30
:10C09000013E002BFAD04846C9F8106003B0BDE855
:10C0A000F08F0021FFF7CAFC8146A8B101220023CE
:10C0B000C0E90423484603B0BDE8F08F890040453D
:10C0C00038BF00210AEB0104DFE7074B07484A4667
:10C0D0004FF4107100F05AF9034B04484A4640F2FD
:10C0E000322100F053F900BF941D0108001E010821
:10C0F000F0B5012183B016461F46FFF79FFC0546A9
:10C10000002847D0C7F30A54C7F313030CB143F414
:10C110008013002E019314D101A8FFF731FD019B7C
:10C120006B61012220302A6114B3089BA4F23344CE
:10C1300004441C60099BC0F135001860284603B018
:10C14000F0BD68460096FFF71BFD019B00B3009908
:10C15000C0F1200203FA02F2C34001930A43002B0C
:10C16000C5E905230CBF012202222A61002CDCD183
:10C1700005EB8201A0F23243086908990B60FFF7D2
:10C18000DDFC099BC0EB42101860284603B0F0BDEF
:10C19000009AE4E7034B04482A4640F20A3100F0D3
:10C1A000F5F800BF941D0108001E0108DFF860C00B
:10C1B000F8B521F000430027634504460D461646B6
:10C1C000176022D8844653EA0C0C1ED0DFF844C016
:10C1D00001EA0C0C0A46BCF1000F09D10E4B0022FB
:10C1E000F4F724FB6FF0350704460A4621F00043BC
:10C1F00022F0FF421B1522F4E002A3F2FE3342F0CC
:10C200007F553B4445F40015336020462946F8BD70
:10C21000FFFFEF7F0000F07F0000504340EA010382
:10C220009B0710B501D1032A17D8844601F1FF3EC0
:10C2300007E01EF8011F03F8011B541E29B19C469C
:10C2400022466346002AF4D110BD9444002CFBD052
:10C2500003F8011B6345FBD110BD8E468446DEF812
:10C260000040A4F1013323EA040313F0803F714638
:10C270000EF1040EDAD1043A032A4CF8044BEED83E
:10C280007146D3E72DE9F04F9368176883B0924663
:10C29000002B74D04FF0000B8B680A6881460C4667
:10C2A0005D4645E0B4F90C3013F4906F2CD0D4E91E
:10C2B0000401161A01EB410202EBD272711C5210FA
:10C2C0002944914292BF904688460A465B0539D57B
:10C2D00011464846FDF740F9019000283DD032460E
:10C2E0002169F4F74DF8A289019B22F4906242F093
:10C2F0008002A2819819A8EB0606A660C4F81480F3
:10C3000023612060A8462E463246594600F0B8F810
:10C31000DAF80810A3682268A3EB08033244491B2B
:10C32000A3602260CAF8081049B3D7E900B50837FE
:10C3300098461046002DF8D09D421E46B2D2A8461F
:10C340002E46E1E70146484600F01AF90346002868
:10C35000D0D121694846FFF76FFAA3890C2243F038
:10C360004003C9F800204FF0FF30A38100220023D2
:10C37000CAF80820CAF8043003B0BDE8F08F0020E6
:10C380000023CAF8043003B0BDE8F08F00B50B4CB1
:10C3900025681446EE681A4685B003460D464CB132
:10C3A00007490095CDE901143046064900F03EF8F2
:10C3B000F9F744FA04490C46F3E700BF640700208C
:10C3C000641E0108741E0108701E010810B502FBEE
:10C3D00001F1FDF7C1F8044668B150F8042C22F0D1
:10C3E0000302043A242A18D8132A06D80246002346
:10C3F000136053609360204610BD00231B2A036026
:10C4000043600FD9242A8360C36011BF00F110027A
:10C4100000F1180203614361E9E70021FDF758FBD1
:10C42000204610BD00F10802E1E700BF0EB410B5D0
:10C4300083B005AB064C53F8042B019301462068EA
:10C4400000F040FA03B0BDE8104003B0704700BFF1
:10C450006407002082B049B15AB16BB113780B6008
:10C460001278101E18BF012002B0704701A9002ADF
:10C47000F3D1104602B070476FF00100F4E700BF3F
:10C4800088420ED98B1883420BD900EB020C002A8C
:10C490006ED0624613F801CD02F801CD9942F9D170
:10C4A00070470F2A0FD8034602F1FF3C002A5FD0E5
:10C4B0000CF1010C013B8C4411F8012B03F8012F06
:10C4C0006145F9D1704740EA01039B0751D1A2F1C0
:10C4D000100370B501F1200C23F00F0501F1100ECF
:10C4E00000F11004AC441B095EF8105C44F8105CC9
:10C4F0005EF80C5C44F80C5C5EF8085C44F8085C80
:10C500005EF8045C44F8045C0EF1100EE64504F19C
:10C510001004E9D1013312F00C0F01EB031102F00A
:10C520000F0400EB031328D0043C24F003064FEA69
:10C53000940C1E441C1F8E465EF8045B44F8045F96
:10C54000B442F9D10CF1010402F0030203EB8403BD
:10C5500001EB840102F1FF3C4AB10CF1010C013BFB
:10C560008C4411F8012B03F8012F6145F9D170BDFE
:10C57000704702F1FF3C03469AE72246EAE700BF14
:10C580002DE9F84F1646002900F096800C468046AB
:10C5900006F10B05FDF7EEFA54F8041C162DA4F174
:10C5A000080921F0030758D81025AE4258D8AF42E9
:10C5B00060DABE4B9A6809EB070C6245DCF80400B0
:10C5C00000F0908020F0010363445B68DA0768D4D0
:10C5D00020F003003B189D4247DDCB0712D454F8EE
:10C5E000083CA9EB030BDBF8043023F003021044F2
:10C5F00000EB070A554540F3F68007EB020A554564
:10C6000040F3CC8031464046FCF7A6FF06460028A2
:10C6100000F0208154F8043C23F001034B44A0F1C6
:10C620000802934200F0B4803A1F242A00F2D78017
:10C63000132A00F2A280034622461168196051684D
:10C64000596092689A6021464046FFF7F5F84046E7
:10C65000FDF796FA3046BDE8F88F35F00705A4D50A
:10C660000C23C8F80030002618E01F46DCE902233E
:10C67000D3609A60D9F804307A1B0F2A03F00103C3
:10C6800009EB07001DD83B43C9F80430436843F069
:10C69000010343604046FDF773FA26463046BDE885
:10C6A000F88FC907AED454F8083CA9EB030BDBF8AC
:10C6B000043023F00302A0E7BDE8F84F1146FCF771
:10C6C0004BBF09EB05012B4342F00102C9F80430CE
:10C6D0004A60436843F00103436008314046FFF776
:10C6E000ABF8D7E720F00300C21905F1100C624542
:10C6F00080F29180CA0785D454F8082CA9EB020B6C
:10C70000DBF8042022F00302104400EB070AD445B2
:10C710003FF773AF5E46DBF80C1056F8080F3A1F70
:10C72000242AC160886000F2AE80132A40F2A980FA
:10C730002168CBF808106168CBF80C101B2A00F2B6
:10C74000A88008340BF11002216811606168516003
:10C75000A16891600BEB0501AAEB050242F0010212
:10C7600099604A60DBF8043003F001032B43404634
:10C77000CBF80430FDF704FA90E7236803606368A0
:10C7800043601B2A3CD804F1080200F1080354E777
:10C7900050F8043C23F003031F446BE73A1F5E4646
:10C7A000DBF80C3056F8081F242ACB60996022D899
:10C7B000132A1ED92368CBF808306368CBF80C30F5
:10C7C0001B2A3BD808340BF1100322681A606268F8
:10C7D0005A60A2689A6034465746D9464AE72146CD
:10C7E000FFF74EFE2FE7DCE902133A1FCB6099609A
:10C7F000D5E73346E9E721463046FFF741FEEAE751
:10C80000A3688360E368C360242A27D004F1100280
:10C8100000F1100311E709EB05019960531B43F088
:10C8200001034B6054F8043C03F001032B434046E2
:10C8300044F8043CFDF7A4F926462FE7A368CBF89B
:10C840001030E368CBF81430242A10D010340BF1E8
:10C850001803BAE74046FDF793F904E7236903613B
:10C860006169416104F1180200F11803E5E62369EA
:10C87000CBF818306369CBF81C3018340BF1200367
:10C88000A3E7324660E721463046FFF7F9FD074B44
:10C8900060E7A168CBF81010E168CBF81410242AE7
:10C8A00006D010340BF118024EE700BF0000002044
:10C8B0002269CBF818206269CBF81C2018340BF1E0
:10C8C000200241E72DE9F04FBDB0CDE906031C463B
:10C8D0000491914618B1836B002B00F03582049AC5
:10C8E000536EB2F90C20D80702D4910540F1B085FF
:10C8F000130740F1EE80049B1B69002B00F0E980D8
:10C9000002F01A030A2B00F0F38013AB10930023FC
:10C91000CDE91133CDE90B3309930DF14C0A0A939C
:10C92000039399F80030002B00F0C3814C4604E0DB
:10C9300014F8013F002B00F0F980252BF8D1B4EB5F
:10C94000090540F0F7802378002B00F0B2814FF00A
:10C9500000034FF0000B62788DF83B30CDF808B043
:10C9600004F101094FF0FF3809F10109A2F1200398
:10C970005A2B00F20C81DFE813F0EF020A010A01E2
:10C98000EA020A010A010A016A000A010A01DF0239
:10C99000D9020A01D400C0020A01BB025B005B009D
:10C9A0005B005B005B005B005B005B005B000A01FF
:10C9B0000A010A010A010A010A010A010A010A011F
:10C9C000D90185000A010A010A010A010A010A01C6
:10C9D0000A010A010A010A0147020A010A010A01C1
:10C9E000BC010A0111020A010A0173050A010A01C8
:10C9F0000A010A010A010A010A010A010A010A01DF
:10CA0000D90187000A010A010A01AE0287008000ED
:10CA10000A01A1020A0193026905FA0280000A01D3
:10CA2000BC017D0067050A010A0191050A017D002C
:10CA3000A2F13003002119F8012B01EB810103EB76
:10CA40004101A2F13003092BF5D902918EE7069D31
:10CA50002846FEF7EFFF43680B931846F3F7D0FB29
:10CA60000C9004462846FEF7E5FF83680A93002CE5
:10CA700040F0CB8499F8002076E799F800204BF03D
:10CA8000200B71E74BF0100B1BF0200F00F0228100
:10CA9000079B073323F0070319465A6851F8083BF0
:10CAA00007911146002AC0F25B81B8F1FF3F00F008
:10CAB000628153EA01022BF0800B40F05C81B8F1F7
:10CAC000000F40F07C85CDF80480CDF814803CAC9C
:10CAD00091E1049D0698294600F00EFE002840F0E2
:10CAE0009385B5F90C2002F01A030A2B7FF40DAFE1
:10CAF0000499B1F90E30002BFFF607AF4B6EDD073E
:10CB000002D4900540F15E850499069823464A4672
:10CB10003DB0BDE8F04F00F0A1BD029A079352422C
:10CB2000029299F800204BF0040B1DE7B4EB0905C5
:10CB300000F0BF80119B129A01332A44072BCAE9E7
:10CB400000951292119305DC0AF1080A039B2B440D
:10CB50000393F8E61AB911920DF14C0AF6E704991D
:10CB6000069810AA00F06CFF0023CDE911330028CD
:10CB7000F2D0049B5A6EB3F90C30D10740F1A0807B
:10CB80005B0600F14D8503983DB0BDE8F08F002AAB
:10CB900000F08F8000238DF83B3001238DF88C202E
:10CBA0000193059323AC4FF000081BF0020602D05E
:10CBB000019B02330193DDE911201BF0840302F194
:10CBC000010C6146089305D1DDE901535D1B002D81
:10CBD00000F336839DF83B50002D00F0FB810DF1F2
:10CBE0003B020130CAF8002007294FF00102CDE9CD
:10CBF0001110CAF8042040F3E98148B110AA049941
:10CC0000069800F01DFF0022CDE911220028B0D1C6
:10CC1000002E00F0F28102200FAB1490139301213B
:10CC20000DF14C0A0A460AF1080A0131089B802BD3
:10CC300000F0ED81059BA8EB0307002F00F3308285
:10CC4000059BCAF8004018440729CDE91110CAF81D
:10CC5000043040F37482002840F0CF8211901BF022
:10CC6000040F00F0AC82DDE901239C1A002C12981D
:10CC70000DF14C0A00F36F82DDE9022301998A422B
:10CC8000ACBF9B185B18039350B10499069810AA87
:10CC900000F0D6FE0023CDE9113300287FF469AF00
:10CCA0000023119399F800300DF14C0A002B7FF40A
:10CCB0003DAE129B002B40F094840023119358E763
:10CCC0009A053FF55DAF049CA06D02F066F9B4F9DA
:10CCD0000C3055E7079A1BF0100F52F8043B0792EF
:10CCE00039D11BF0400F32D043F3C0310A461BB29A
:10CCF000D8E6079D55F8044B00268DF83B60002CC4
:10CD000000F03584B8F1FF3F00F0FD834246314624
:10CD10002046F3F7E5FA002800F05984031B059339
:10CD200023EAE3730795B046019364E0079B002272
:10CD30008DF83B2053F8042B079301238DF88C20AA
:10CD40000193059323AC2EE700F0F4FDC7E51BF437
:10CD5000007F40F02984D9170A46002ABFF6A5AE05
:10CD60005B4261EB41012D22B8F1FF3F8DF83B2082
:10CD700001D02BF0800B0A2B71F1000280F0E382CE
:10CD80003033DBB28DF8EF304346012BB8BF0123BF
:10CD90000193012305930DF1EF042CE04BF01002F9
:10CDA00012F0200100F0C082079B073323F0070335
:10CDB0001846596850F8083B07900020B8F1FF3F2B
:10CDC0008DF83B0000F0CC8353EA010022F0800B89
:10CDD000D1D10120B8F1000F38D100287FF473AE13
:10CDE00012F00102059200F0FD8230238DF8EF3041
:10CDF00001920DF1EF049DF83B30002B3FF4D5AECE
:10CE0000019B01330193D0E64BF0100212F0200198
:10CE100000F07B82079B073323F00703184659680D
:10CE200050F8083B07900020B8F1FF3F8DF83B0019
:10CE300022F4806B12D022F4906453EA010240F095
:10CE40008D835A46A346B8F1000FC6D0012800F0E2
:10CE5000B68300230228194600F0DC813CAC03F0C5
:10CE60000702DB0843EA4173C908303253EA01057F
:10CE7000204604F8012DF2D11BF0010F00F0D881FB
:10CE8000302A00F0D5813023023804F8013C3CAB55
:10CE90001B1A43450593B8BF434604460193AAE7CE
:10CEA0001BF0200F00F0BF82079B039A1B681A60DB
:10CEB000D2175A60079B0433079332E599F8002094
:10CEC0006C2A03BF99F801204BF0200B09F10109EE
:10CED0004BF0100B48E599F80020682A03BF99F839
:10CEE00001204BF4007B09F101094BF0400B3BE5BD
:10CEF00099F800204BF0800B36E5494611F8012BDC
:10CF00002A2A00F09F83A2F13003092B89464FF0B3
:10CF100000083FF62BAD19F8012B08EB880803EB4E
:10CF20004808A2F13003092BF5D91FE52B2399F806
:10CF300000208DF83B3017E5079B53F8042B029235
:10CF4000002AFFF6EAAD99F8002007930CE599F85E
:10CF500000204BF0010B07E59DF83B3099F80020CD
:10CF6000002B7FF401AD20238DF83B30FCE4079AC1
:10CF700052F8043B079247F63002ADF83C20B74A1E
:10CF800009924BF0020B00214FF00002B8F1FF3F75
:10CF90008DF83B2000F03E8153EA01022BF0800027
:10CFA00040F037815A468346022013E7002840F0BC
:10CFB0008B829DF83B200121002A00F081820DF137
:10CFC0003B02149113920DF14C0A08460A460AF1ED
:10CFD000080A0131002E3FF429AE0FAB0230CAF827
:10CFE000003007294FF00203CDE91110CAF80430D0
:10CFF0007FF718AE002840F07C81089B0022802B30
:10D000004FF0010110460DF14C0A7FF413AEDDE93B
:10D0100001535F1B002F7FF70DAE102F40F3F182FD
:10D02000D6468F4DCA460026C146A046069C07E05C
:10D03000103F102F02F1020C0EF1080E0A4617DD08
:10D04000511C103010230729CDE91110CEF80050E3
:10D05000CEF80430ECDD10AA002840F0B980103F73
:10D060000022102F4FF0010C10460DF14C0EE7DCA2
:10D070004446C846D146F2463844BCF1070FCAE9D7
:10D080000057CDE911C000F3B181059BA8EB030760
:10D09000002F0AF1080A0CF1010162467FF7D0ADBA
:10D0A0006F4D102F2ADD2B46D4462546069EDDF80F
:10D0B00010A04FF010081C4607E0103F102F02F19F
:10D0C00002010CF1080C1A4614DD531C1030072B1A
:10D0D000CCE90048CDE91130EFDD10AA002840F07E
:10D0E0008180103F0022102F4FF0010110460DF1FA
:10D0F0004C0CEADC2346E2462C461D463844072900
:10D10000CDE91110CAF80050CAF8047003DC0AF126
:10D11000080A013194E550B10499069810AA00F06C
:10D120008FFC0023CDE9113300287FF422AD059850
:10D13000139401231490129011930DF14C0A1BF0DB
:10D14000040F3FF499ADDDE901239C1A002C0AF18C
:10D15000080A7FF791AD102C119A40F34F82414F8E
:10D16000069EDDF810B010254FF0000807E0103CD7
:10D17000102C02F102010AF1080A1A4614DD531CB0
:10D180001030072BCAE90075CDE91130EFDD10AA88
:10D19000002840F0A480103C0022102C4FF0010128
:10D1A00010460DF14C0AEADC20440729CAE9007454
:10D1B000CDE911107FF760AD002840F09781DDE9DF
:10D1C000022301998A42ACBF9B185B18039367E561
:10D1D0000499204600F034FCCDE9116600283FF4A4
:10D1E0003EAFC6E45146304600F02AFC0023CDE9AC
:10D1F000113300283FF475AFBBE40499069810AAD8
:10D2000000F01EFC0023CDE9113300283FF427ADC8
:10D21000AFE4834609983CAC03F00F021B09825C23
:10D2200004F8012D43EA0173090953EA0102F3D11D
:10D230003CAB1B1B43450593B8BF43460193DAE55E
:10D24000102D40F3CB810D96D446064F049ECA465E
:10D250001023C146A046089C0FE000BF301D010806
:10D26000B41E0108C41E0108103D102D02F1020E6B
:10D270000CF1080C0A4613DD511C10300729CCE9CB
:10D280000073CDE91110EFDD10AA3146F0B9103D61
:10D290000022102D4FF0010E10460DF14C0CEBDC6E
:10D2A0000D9E4446C846D146E2462844BEF1070FCB
:10D2B000CDE911E0CAF80070CAF804503FF776AE25
:10D2C0000AF1080A0EF10101724683E4069800F0A3
:10D2D000B7FBCDE9114410230028D8D049E45946C2
:10D2E000304600F0ADFBCDE9118800283FF453AF84
:10D2F0003FE40499069810AA00F0A2FB0023CDE9B0
:10D30000113300283FF479AE33E4079850F8043B1A
:10D31000079012F010007FF486AD12F0400400F088
:10D3200036819BB201467EE5079850F8043B079092
:10D3300012F010007FF441AD12F0400400F02D8196
:10D340009BB2014639E5CDF81480B84FDDF828804E
:10D35000CDF804B00BF480664FF0000C3CAC05E057
:10D360000A2B71F1000136D35B4629465A1842F167
:10D370000002A7FB020525F0030000EB9500121A3E
:10D38000981A4FF0CC3561F1000E05FB00F507FB54
:10D390000E55A0FB07B005440BF0010E0520AEFBB7
:10D3A000000E80184FEA5B0B303004F8010C4BEA9A
:10D3B000C57B0CF1010C013C6D08002ED0D098F813
:10D3C00000206245CCD1BCF1FF0FC9D00A2B71F10E
:10D3D000000180F0B480CDF82880DDF804B0DDF8DD
:10D3E000148025E7CDF804803CAC04E5002840F02B
:10D3F0009480059BA8EB0307002F7FF798AE0020D1
:10D40000024601210DF14C0A4BE60A9B99F80020D7
:10D41000002B3FF4A9AA1B78002B3FF4A5AA4BF4DC
:10D42000806BFFF7A1BA1BF0100F40F09B801BF040
:10D43000400F40F0BF801BF4007F00F09380079BFB
:10D44000039A1B681A7035E55A46A9E45A46DDE48A
:10D45000049DA86D01F09BFDB5F90C20FFF748BABB
:10D46000734B09931BF020011DD0079B073323F05A
:10D4700007031846596850F8083B07901BF0010F46
:10D4800009D053EA010006D08DF83D2030224BF040
:10D49000020B8DF83C202BF4806B75E5654B0993EE
:10D4A0001BF02001E1D1079850F8043B07901BF0D6
:10D4B0001000E3D11BF0400463D09BB20146DDE7CE
:10D4C00010460DF14C0A85E510AA0499069800F063
:10D4D000B7FA0022CDE9112200287FF44AAB9DF86B
:10D4E0003B200121002A7FF46AADE9E70499069800
:10D4F00010AA00F0A5FA0023CDE9113300283FF46B
:10D500005EAEFFF736BB20460795F2F779FE20EABC
:10D51000E073B046059001936DE40499069810AA53
:10D5200000F08EFA0023CDE9113300287FF421ABFF
:10D53000059BA8EB0307002F7FF7F9AD5FE70C9B76
:10D540000B99E41A1A462046FEF768FE98F8013057
:10D550000BB108F101084FF0000C05E7A3467DE48C
:10D56000934608E4079B039A1B681A60A2E44346AB
:10D57000062B28BF0623304C059307950193FFF730
:10D5800012BB1BF400711CBFDBB2214676E712F41C
:10D5900000711CBFDBB2214645E412F400713FF478
:10D5A0000CACDBB2214608E443F3C0110A465BB27F
:10D5B000FFF778BA079B039A1B681A807AE4302336
:10D5C000FFF7E0BB886D01F0E8FCFFF79DBACDF8EE
:10D5D0000480CDF81480079580460CE4174FE6468A
:10D5E00063E60499069810AA00F02AFA0023CDE910
:10D5F000113300283FF461ABFFF7BBBA0F4F511C4A
:10D60000D2E50F4D8C4637E5049B5B6EDF0707D4F0
:10D61000049B9B899E0503D4049B986D01F0BDFC7F
:10D620004FF0FF330393FFF7AEBA00BFCDCCCCCCA5
:10D63000441D0108301D0108581D0108C41E0108C1
:10D64000B41E0108079B99F80120894653F8041B72
:10D65000079341EAE178FFF787B900BFF0B51F46AD
:10D660008B89ADF26C4D23F00203ADF80C304B6E9C
:10D670001993CB89ADF80E30CB6907934B6A0993A8
:10D680001AAB009304934FF4806315460646029349
:10D69000059316A800230C46069301F06CFC2A465D
:10D6A0003B4669463046FFF70DF9051E07DB694624
:10D6B000304600F00BF9002818BF4FF0FF35BDF8D9
:10D6C0000C305B0603D5A38943F04003A381169871
:10D6D00001F05BFC28460DF26C4DF0BD49B1FF2A0C
:10D6E00002D80A70012070478A2303604FF0FF3090
:10D6F00070470846704700BF38B52F4B1B6805467A
:10D700000C460BB19A6B02B3B4F90C30180723D551
:10D7100022695AB313F0010107D061690020494220
:10D72000A060A1613AB1002038BD980758BF616977
:10D73000A160002AF7D1190658BF1046F4D543F06E
:10D740004003A3814FF0FF3038BD184600F0F2F8D7
:10D75000B4F90C301807DBD4D90628D55A0712D4EF
:10D76000226943F00803A381002AD3D103F4207176
:10D77000B1F5007FCED02146284600F001FBB4F978
:10D780000C302269C6E7216B51B104F1400291428D
:10D7900004D02846FEF750F8B4F90C30002222637A
:10D7A00022690021C4E9002123F02403D9E70922DA
:10D7B0002A6043F04003C4E764070020F8B5B1F9DC
:10D7C0000C30074618070C4639D44A68002A53DD46
:10D7D000A56A002D31D000223E683A6013F48052D1
:10D7E000E16955D101233846A847411C02465ED065
:10D7F000B4F90C30A56AE1695B0705D56368D21AF4
:10D80000236B0BB1E36BD21A00233846A847451CA3
:10D8100040D00023636023692360A389D90400D525
:10D820002065216B3E6041B104F14003994202D072
:10D830003846FEF701F8002323630020F8BD0E6987
:10D84000002EFAD09B070D6808BF4B690E6018BF09
:10D850000023AD1B8B600CE0D4F824C0E1692B469B
:10D8600032463846E047B0F1000CA5EB0C056644A3
:10D8700006DD002DF0DCE0E7CA6B002AA8DCDCE75F
:10D88000B4F90C3043F04003A3814FF0FF30F8BDF2
:10D89000226DB1E73A68B4F90C308AB11D2A01D083
:10D8A000162AEFD123690022C4E90032B9E73B68A8
:10D8B000002B9DD01D2B01D0162BE1D13E60BCE783
:10D8C000626022692260DA04AAD4AAE738B50C465D
:10D8D000054608B1836BA3B1B4F90C00B8B1636E0F
:10D8E000DB0701D4810515D528462146FFF766FFE1
:10D8F000636EDA07054602D4A3899B050ED5284638
:10D9000038BD00F017F8B4F90C000028E7D105463F
:10D91000284638BDA06D01F03AFBE5E7A06D01F0A7
:10D920003CFB284638BD00BF014900F005BA00BFE6
:10D93000CDD800082DE9F0478246394801F027FB91
:10D94000DAF83840002C66D1DAF80450354ACAF8C3
:10D950003C200323CAE95343DFF8CC90DFF8CC80A6
:10D96000334F344E04230AF5AC72CAF854212146D1
:10D97000EB60C5E90044C5E90444AC606C6608226C
:10D98000AC6105F15C00FCF7A3F8C5E90759C5E9EE
:10D990000987EE6205F1580001F0EDFADAF8085057
:10D9A000254BEB602146C5E90044C5E90444AC6061
:10D9B0006C66AC61082205F15C00FCF789F8C5E9EA
:10D9C0000759C5E90987EE6205F1580001F0D3FA5D
:10D9D000DAF80C50194BEB602146C5E90044C5E963
:10D9E0000444AC606C66AC61082205F15C00FCF795
:10D9F0006FF805F15800C5E90759C5E90A76C5F879
:10DA0000248001F0B8FA0123CAF838300448BDE890
:10DA1000F04701F0C2BABDE8F047014801F0BDBAD5
:10DA20008009002029D9000845DE000869DE0008C9
:10DA3000A9DE0008CDDE0008090001001200020086
:10DA40009368002B00F0F6802DE9F04FB1F90CC07F
:10DA50001CF0080F83B0904681460C4631D00B690C
:10DA60007BB31CF00207D8F8006038D00027D4F848
:10DA700024B0E169DFF8BCA23D4655452B463A4645
:10DA800028BF53464846C5B1D847002840F3C88050
:10DA9000D8F808301B1A07442D1AC8F80830002B94
:10DAA00000F0B48055452B46D4F824B0E16928BF76
:10DAB00053463A464846002DE6D1D6E90075083669
:10DAC000DBE721464846FFF717FE002840F0AD800F
:10DAD000B4F90CC0D8F800601CF00207C6D11CF0E5
:10DAE000010A63D12368A168574618468B46002F68
:10DAF00058D01CF4007F00F0B180B9420A4600F211
:10DB0000DD801CF4906F2FD0216962695D1A02EBF1
:10DB1000420202EBD2726B1C52103B44934292BF02
:10DB200093469B461A461CF4806F00F0E68011462F
:10DB30004846FBF711FD002800F0F5802A462169D0
:10DB40000190F2F71DFCA289019B22F4906242F041
:10DB50008002A2815819ABEB0505C4F814B023610B
:10DB6000A5602060BB463A4651460192FEF788FC0C
:10DB7000A1682368019AA1EB0B011A443D46A160FC
:10DB800022600027D8F808305B1BAA44C8F8083088
:10DB9000002B3BD02368A168B4F90CC018468B4613
:10DBA000002FA6D1D6E900A708369EE73846BB4627
:10DBB0003D46002D40D0002845D03A46D4E904C364
:10DBC0002068A168AA4228BF2A46604504D901EB13
:10DBD000030A524500F38280934272DCE169D4F873
:10DBE00024C05A464846E047B0F1000A18DDB7EBBA
:10DBF0000A070FD00120D8F80830A3EB0A03D3445A
:10DC0000A5EB0A05C8F80830002BD2D1002003B0DC
:10DC1000BDE8F08F21464846FFF758FE0028EAD0BD
:10DC2000B4F90C3043F04003A3814FF0FF3003B050
:10DC3000BDE8F08F00207047756833460836002D28
:10DC4000FAD0D3F800B02A460A215846F2F748FB2A
:10DC5000002865D00130A0EB0B07AEE722699A429D
:10DC600014D36269BA4211D86FF00043BB4228BF97
:10DC70003B46656A93FBF2F3E16902FB03F3484616
:10DC80005246A847051ECBDD7F1B7BE7B94228BF64
:10DC900039460D4618460A465146FEF7F1FBA16883
:10DCA0002368491B2B44A16023600029ECD1214645
:10DCB0004846FFF70BFE0028E6D0B1E7BB463A46E0
:10DCC00052E759460192FEF7DBFB019AA3689B1AC3
:10DCD000A360236813442360924688E7594652465E
:10DCE000FEF7CEFB23685344236021464846FFF7E6
:10DCF000EDFD00283FF47BAF92E74846FEF740FC7D
:10DD0000034600287FF426AF21694846FDF794FDBD
:10DD1000B4F90C300C2223F08003C9F8002081E70D
:10DD20006A1C17464AE70C22B4F90C30C9F80020E7
:10DD300078E700BF00FCFF7F2DE9F84307468846DF
:10DD400000F5A6764FF00009D6E90154013D11D443
:10DD5000A389012B05F1FF3508D9B4F90E30013341
:10DD6000214603D03846C04749EA00096B1C04F13C
:10DD70006804EDD13668002EE6D14846BDE8F88348
:10DD8000F0B5B1F90C300C46990797B007D504F1FE
:10DD900043030122C4E90432236017B0F0BDB4F993
:10DDA0000E10002905462EDB6A4600F0BBF800285D
:10DDB00027DB019E06F470464FF48067A6F50056F7
:10DDC000B6FA86F6394628467609FBF7C5FB38B31E
:10DDD000A3891B4AEA6343F08003C4E90407A381D3
:10DDE0002060002ED9D0B4F90E10284600F0B0F80B
:10DDF0000028D2D0A38923F0030343F00103A381B9
:10DE0000CBE7B4F90C3013F0800F0CBF4FF48067F0
:10DE10004027394628460026FBF79EFB0028D7D12D
:10DE2000B4F90C309A05B8D423F0030304F143028B
:10DE300043F002030121C4E90421A3812260ACE77D
:10DE400029D9000810B50C46B1F90E1000F0A8F859
:10DE5000002803DB236D0344236510BDA38923F44D
:10DE60008053A38110BD00BF2DE9F0410C46B1F9EC
:10DE70000C101F46CB05054616460BD421F48051E5
:10DE8000A1813B46B4F90E1032462846BDE8F04168
:10DE900000F020B8B4F90E100223002200F06AF856
:10DEA000B4F90C10EAE700BF10B50C46B1F90E103A
:10DEB00000F060F8B4F90C30421C0EBF23F480531C
:10DEC00043F480532065A38110BD00BFB1F90E104B
:10DED00000F016B838B50C46084D84461146204669
:10DEE0001A4600232B60644601F032F8431C00D030
:10DEF00038BD2B68002BFBD0236038BD8014002078
:10DF000038B5074D0022044608462A6001F024F87F
:10DF1000431C00D038BD2B68002BFBD0236038BDDC
:10DF20008014002070B50C46084D0346002620469C
:10DF300011461C462E6001F019F8431C00D070BD3C
:10DF40002B68002BFBD0236070BD00BF8014002025
:10DF500038B5074D0022044608462A6001F001F852
:10DF6000431C00D038BD2B68002BFBD0236038BD8C
:10DF70008014002038B50C46084D844611462046D2
:10DF80001A4600232B60644600F0E9FF431C00D0D2
:10DF900038BD2B68002BFBD0236038BD80140020D7
:10DFA00038B50C46084D8446114620461A460023D3
:10DFB0002B60644600F0C8FF431C00D038BD2B68BE
:10DFC000002BFBD0236038BD80140020704710B5B3
:10DFD0000346406803F108018142026805D10AB98D
:10DFE000002010BD5A6010461268A2B91C68A042F9
:10DFF000F6D19A60EFF31182102484F31288BFF3F4
:10E000006F8F1C681960216082F31188BFF36F8FD6
:10E010000268002AE4D05A60E3E700EBC1004088C0
:10E0200040087047F8B50346FFF7F7FFB0FA80F0F5
:10E03000C0F11F0003EB800CCA00DCF81060171D54
:10E040000C4606328DB256B9012101FA00F0D968AA
:10E050000143D960CCF81040DD539D52F8BDF1006A
:10E060000431585AD85303EBC0009E52C5805D520C
:10E07000F4E710B500EBC104E388994202F1040112
:10E080000AD1012303FA02F2C36823EA0203C36040
:10E09000002340F8213010BDA28840F8213000EB69
:10E0A000C20100EBC300CB808280F4E708B50346D1
:10E0B000FFF7B3FFB0FA80F2C2F11F021846BDE8C5
:10E0C0000840FFF7D6BF2DE9F843B1FA81F5C5F155
:10E0D0001F0900EB89080346D8F810200E46C2B18C
:10E0E0000327D8F8104018462146FFF796FFB042A4
:10E0F00006D34A461846FFF7BCFF2046BDE8F88322
:10E1000003EBC404013FE088C8F8100001D082424C
:10E11000E7D1C5F120024FF0FF349440DA68144093
:10E12000EBD094FAA4F2B2FA82F2111D53F8214016
:10E130002146DFE738B50346FFF76FFF0D4604467B
:10E1400011461846FFF769FF03EBC505044460005C
:10E1500068801846FFF761FF014423F8314038BD5D
:10E1600038B50346FFF759FF0C46A51A511A03EBC1
:10E17000C40405444800608003EBC2006C00448086
:10E1800023F8321018461146FFF747FF014423F8E1
:10E19000315038BD38B50546FFF73FFF0C46014406
:10E1A00005EBC1035B88DA070AD42846FFF77EFF38
:10E1B00021462846FFF731FF22182846FFF7BAFF0D
:10E1C00035F83410611A05EBC1035B88DB070CD40A
:10E1D0002846FFF76BFF35F834102246611A2846AF
:10E1E000FFF7A8FF35F83430E41A21462846BDE889
:10E1F0003840FFF717BF61B100680439091A21F0F0
:10E2000007030344C9085A8822F001025A80FFF725
:10E21000C1BF704770B5056809B9002070BD01F035
:10E2200007030B33CC0804EBD304AB689C4228BF34
:10E230001C4621462846FFF746FF06460028ECD03C
:10E2400001462846FFF7E9FEA04207D932192846C1
:10E25000FFF786FF11462846FFF7E4FE05EBC602EE
:10E260001046538843F0010353800430D6E711462B
:10E27000FFF7D0BF043A2DE9F041CC1D114424F042
:10E28000070421F007010E1BF708B7FA87F2C2F165
:10E290002405AD004FF000080735C2F12002ED085B
:10E2A00004604146A760C4F80C80920004F110009D
:10E2B000FBF70EFC6B0043F00103638004EBC50227
:10E2C0007B1B5900A4F800805180A21924F8355016
:10E2D000A2F80280A35304EBC70329465A8842F0F0
:10E2E00001025A802046BDE8F041FFF79BBE37B5DA
:10E2F0000B460446154689B102688A4204D3C068B9
:10E3000001AA00F0E4FB18B16FF00B0003B030BDC0
:10E31000237901999940A3685B18F5D02B60002000
:10E32000F4E70B4610B4114672B1046894420ED360
:10E33000826893420ED39A1A03791A41944209D9FA
:10E34000C06810BC00F015BC104610BC70476FF0E0
:10E350001500FAE76FF00D00F7E72DE9F0470646E4
:10E360000D46174698462BB398F8004093F8019055
:10E37000DB78A40004EB430498F802301C444444C6
:10E380004FF0000ACA4509D3D8F8042008F1080361
:10E3900039463046AC46BDE8F047604714F8013BCB
:10E3A00048F823402046F1F72BFF013004440AF1DE
:10E3B000010AE7E76FF01500BDE8F08770B50025AA
:10E3C00002462846144614F8013B0BB9184609E0EA
:10E3D00098B18D4207D1702B04D0A3F140023A2AA4
:10E3E0000BD8002070BDA3F140063A2E05D8537813
:10E3F0000135941C002BE9D00020252B08BF80F0AC
:10E4000001002246DEE70020704730B50C688B68BB
:10E4100014B14A689A4202DC01338B6030BD013A84
:10E420009A4214BF05460025E5548B68F4E70FB403
:10E4300007B504A951F8040B019100F0F8FB03B0F3
:10E440005DF804EB04B070470CB407B504AB53F8A7
:10E45000042B0193F5F7ACFA03B05DF804EB02B0BE
:10E460007047044608B5084611461A46A047FAF711
:10E47000BBFAF6F717FF2DE9F04107468846154627
:10E480001E461446B44205D30EB1601B08E0237843
:10E49000002BFAD014F8010B4146B8470028F1DAF6
:10E4A000BDE8F08110B50369024613F0080009D1F8
:10E4B0001368D4689C4297BF126AE31AD31A0120EA
:10E4C0000B6010BD00231846FAE713B501A90446F6
:10E4D000FFF7E8FF20B1019BE268013B1344019381
:10E4E000206A019BC01A013802B010BD10B5044665
:10E4F00050182269236AD20702D5013B184010BD8B
:10E50000984228BFC01AFAE710B504460A46C16807
:10E51000FFF7ECFF2369E06023F00803236110BDDF
:10E5200038B50D46C2698B00016843F0020342F81A
:10E530002130044601682A46FFF7D8FFE368616886
:10E540002060984202BF236943F0080323612A46F2
:10E550002046FFF7CBFF606038BD2DE9F74FC76855
:10E56000C6699B4606EB8703009316F8273003F035
:10E570000303022B0446884691464FF000030BD05C
:10E580001360CBF8003023699B0713D44FF0000AC7
:10E59000504603B0BDE8F08F56F827101360890885
:10E5A000CBF80030EFD0FFF7AFFFE368A3604FF088
:10E5B000010AEDE7A36906EB8700984716F82720C4
:10E5C00012F0010A0546E1D012F002021FD0B8F1A4
:10E5D000000F03D041462046FFF7A2FF61682A469C
:10E5E0002046FFF783FFD4E902219142606006D103
:10E5F0002A462046FFF77AFF4FF0000AA060A26883
:10E600002260E260226942F008022261C0E701460E
:10E6100020460192FFF778FFE368A360B8F1000F8E
:10E6200004D02168E369019A43F8212005EB080230
:10E63000CBF8002021682046FFF758FF23692060AF
:10E6400043F00803236116F827306FF3000306F840
:10E650002730009BC9F80030A9E770B5044615467D
:10E66000FFF744FF2368834205D12369216023F02B
:10E670000803236170BDE269AB0043F0020342F876
:10E680002130204661682A46FFF730FF6060F1E7DD
:10E6900038B503695B07044606D5456AFFF715FFE1
:10E6A00085422CBF6562606238BD38B50D460446B0
:10E6B0001C220021FBF70CFAEB68A361AB686361D5
:10E6C0002B68E3616B682362002262622A6923B1CE
:10E6D000591E194208BF42F001022261012204F1D1
:10E6E00028000021BDE8384002F091BA2DE9F04F32
:10E6F00087B000250093036A03958B4204460E46BB
:10E7000092460595A94639D3EFF3118B102383F375
:10E710001288BFF36F8F059AD8462AB12946204642
:10E72000FFF79BFF0023059304A92046FFF7BAFEDD
:10E730000499B14207462AD32268E36913F82210EC
:10E7400021F0030103F8221003EB8209216832460D
:10E750002046FFF7CBFEE3682060984212D00027E6
:10E7600088F31188BFF36F8F039929B162690AB1E9
:10E770002046904700230393002FC5D1484607B099
:10E78000BDE8F08F236943F008032361E7E718B180
:10E790002046FFF7C5FEE3E7009B5AEA03021CD0C0
:10E7A000019102F040FA0199B8B9BBF1000F14D100
:10E7B00087F31188BFF36F8F009B524604F1280046
:10E7C000F9F7B4FDEFF31188102383F31288BFF338
:10E7D0006F8FB0FA80F77F09C2E705AB03AA204626
:10E7E0002568FFF7BAFE0746BAE770B504468369A5
:10E7F00008460D4698470246EFF31186102383F32F
:10E800001288BFF36F8F2B7843F001032B70616880
:10E810002046FFF76BFE60602046FFF739FF86F366
:10E820001188BFF36F8F70BD2DE9F04104461027AA
:10E83000EFF3118687F31288BFF36F8F236913F00C
:10E84000080FA36802D16268934200D9226AE16985
:10E85000D21A32B986F31188BFF36F8F4FF00008D8
:10E8600033E011F8232012F0030001EB8308F1D00C
:10E87000022803D151F82350AD0805D1D00712D496
:10E88000A369404698470546A1682A462046FFF7F7
:10E890002DFE2946A0602046FFF736FE86F311883C
:10E8A000BFF36F8FC4E742F0020201F82320404615
:10E8B000A369A5689847294602462046FFF716FE39
:10E8C000A06086F31188BFF36F8F4046BDE8F081EA
:10E8D000F8B50446836908460D4698470646EFF3A7
:10E8E0001187102383F31288BFF36F8F2B786FF398
:10E8F00000032B7023699B0705D5E268E36903EBEE
:10E9000082039D421AD12B786FF341032B70D4E917
:10E910000231994204D132462046FFF7E7FDA0605C
:10E9200031462046FFF7F0FD87F31188BFF36F8F64
:10E9300004F12800BDE8F840F9F7C4BC2B6860F387
:10E940009F032B60F0E7EFF31181102383F312880C
:10E95000BFF36F8F036913F0080F836802D1426819
:10E96000934200D9026AD31A81F31188BFF36F8FE3
:10E97000181E18BF01207047013A0A4401F01F0316
:10E9800030B54C095509012102F01F02C26001FA9D
:10E9900002F2836001FA03F3511E5B420A43AC4268
:10E9A000036108BF134004604560426108BF036112
:10E9B00030BDF0B587B004460C981D4610B96846C6
:10E9C000FFF7DAFF01684768A368066953F821205A
:10E9D000B94208D125B1324343F8212007B0F0BD38
:10E9E00022EA0602F8E7B5B1324343F82120416834
:10E9F000A268456952F821302B4342F82130036860
:10EA00004FF0FF31013342689A42E7D9A26842F8D9
:10EA100023100133F7E722EA060243F82120A26817
:10EA20004168466952F8213023EA060342F8213052
:10EA30000268436801329342D0D9A36843F8225058
:10EA4000F7E7F8B50646DDE906051C46FFF794FF33
:10EA5000D0E900139942B66802690BD156F821300B
:10EA600004B9DB4332EA030023D022EA030215BBD8
:10EA70000020F8BD56F8217004B9FF4332EA070CB4
:10EA800002D022EA0702F2E756F8237004B9FF43E6
:10EA9000426932EA070009D022EA07021946E6E78E
:10EAA00056F8212004B1D243002AE0D101318B4233
:10EAB000F6D80120DDE792FAA2F3002AB3FA83F335
:10EAC00008BF4FF0FF3303EB41132B60D0E72DE974
:10EAD000F04F05468BB00E469046EFF31189102398
:10EAE00083F31288BFF36F8F002A3FD000293DD0F7
:10EAF0000168B1423AD34068002290424FEA421482
:10EB00000DD0AB6853F822305F1C01D10132F4E71D
:10EB10002BB1DB4393FAA3F3B3FA83F31C44A1EBC9
:10EB2000060A0DF10C0B04AF544502D96FF01B001F
:10EB300012E0CDE9007B0023324621462846FFF74C
:10EB400080FF80B128460097012332462146FFF717
:10EB500030FFC8F80040002089F31188BFF36F8FA1
:10EB60000BB0BDE8F08F039C0134DDE76FF01500BA
:10EB7000F2E72DE9F0434B1E89B080460D4616465C
:10EB80001344EFF31189102282F31288BFF36F8FC1
:10EB9000F9B102688A421CD3B2421AD99A4218D9F2
:10EBA000002402AF0A460194009701233146FFF783
:10EBB00048FF88B14046009723462A463146FFF772
:10EBC000F8FE204689F31188BFF36F8F09B0BDE8C6
:10EBD000F0836FF01500F5E76FF00D00F2E7704776
:10EBE00003785B075FBF03684288C3F34A2303EBE4
:10EBF00012105DBF173020F007008008002070471A
:10EC0000002070470346BFF35B8F53E8000F421CA0
:10EC100043E800210029F8D1BFF35B8F704708B5A6
:10EC200002F024F90A220023F2F748F908BD1FB5C3
:10EC30000023CDE90201CDE900331A4619461846F2
:10EC4000F5F724FE05B05DF804FB0120F5F7D6BB0F
:10EC5000002070474368DA714368196043680122F5
:10EC60005A71F5F7BDBB70B515460C4669B1D2E9CE
:10EC700001369B1B99420AD813680A460146981927
:10EC8000F1F77EFBAB682344AB60204670BD6FF0AC
:10EC90001B00FBE770B50E4615461946044618B929
:10ECA000BDE87040F5F7AABB33B1C2F34A23103078
:10ECB000120D1844F1F764FBC4E900562046BDE884
:10ECC0007040F5F73FBD2DE9F3415F1C4FEA87081F
:10ECD000064608F1170020F0070080080C4615468C
:10ECE000F5F70EFC0023ADF805308DF807308DF8F0
:10ECF000047068B10346019A43F8102FA8F104018B
:10ED00002A46294452F8045B43F8045F8A42F9D149
:10ED1000A20102F4E07242EA482222F07F4222F489
:10ED20007002002322F03F02314602B0BDE8F041FC
:10ED3000FFF7B0BF07B50123019201AAFFF7C3FF98
:10ED400003B05DF804FB07B5CDE9002302236A4652
:10ED5000FFF7B9FF03B05DF804FBF8B506460D46B2
:10ED600014461F4604B9F8BD214628463A46B04726
:10ED7000241A0544F6E710B5426881680446D2E9D2
:10ED800000230068FFF7E9FF636800221A6010BDE6
:10ED900013B500240094F4F785FE02B010BD38B519
:10EDA0004B681A68CB689A4205460C4602D1084661
:10EDB000FFF7E1FF6368BFF35B8F53E8002F511C3F
:10EDC00043E800100028F8D1BFF35B8FA3689D547F
:10EDD000002038BD0A2838B504460D4602D10D2062
:10EDE000FFF7DDFF29462046FFF7D9FF002038BD99
:10EDF0002DE9F043054687B008460E8891F800904B
:10EE0000D1F808800C461746F5F790FD011EC6F3B1
:10EE10008216C9F3C2091EDB4846F5F7A5FC034676
:10EE20002146608851F8102B0196C2F34A22002A2D
:10EE300001EB0204C0F30B1008BF00210022CDE952
:10EE40000407CDE90214009241462846F5F79AFDE1
:10EE500007B0BDE8F0830023E2E743681B685B6806
:10EE600000201961704743681B681A685268536034
:10EE700070472DE9F04143681B685A6801211175FC
:10EE80001D68D5E90136D3E900482F681CB96B68C5
:10EE90001C60BDE8F081214630464246B847241A3E
:10EEA0000644F3E743681B681868F5F7D9BE70B5E8
:10EEB00043681D686B6818690C46F5F77BFA2146B4
:10EEC00003460F222868BDE87040184701460068D5
:10EED000F5F720BF08B5F5F779FFBDE80840F5F76D
:10EEE00079BF0A460121FFF725BF00210120F5F770
:10EEF00011BF61B662B680F31188BFF36F8F7047A0
:10EF000072B6002383F31188BFF36F8FBFF34F8F67
:10EF100030BF62B6BFF36F8F7047202809D9B0F1B8
:10EF2000004F08D80138B0FA80F0C0F11F0040004F
:10EF30007047082070473E207047002070474FF010
:10EF4000FF3070470020704708461146F6F736BC80
:10EF500008461146F6F746BC4FF0FF3070470020D8
:10EF600070470228CCBF0020012070474FF40053A7
:10EF70004B600020704710B504461420FAF7DCFA05
:10EF80002060BDE8104001F0B0BDFAF7DDBA4FF0E7
:10EF9000FF324FF0FF33F9F79BB8F9F711B9F8F7E3
:10EFA000A7BE10B50346406803F10801814202681C
:10EFB00005D10AB9002010BD5A6010461268A2B9E6
:10EFC0001C68A042F6D19A60EFF31182102484F3FA
:10EFD0001288BFF36F8F1C681960216082F311885B
:10EFE000BFF36F8F0268002AE4D05A60E3E7002283
:10EFF000F6F732BC70B543881B07044605D56FF0A1
:10F000008B01BDE87040FFF7F2BF8568C5B9037892
:10F01000042B04D0062B0DD06FF01501F1E701464B
:10F02000D0E90432806B984729462046BDE87040FD
:10F0300000F041B8BDE87040D0E90423F6F760BDA8
:10F040002B68BDE870401B6818472DE9F041054664
:10F0500000F120073846FFF7A4FF044608B9BDE8D1
:10F06000F08134F82E3CA5601A07A4F1300844BFA3
:10F0700043F0280324F82E3C4646738813F003031C
:10F0800005D1C6E90D354046FFF7B4FFE2E7A068B9
:10F090002030FFF786FF73881B0748BF30F82E3CEF
:10F0A000A0F1300244BF43F0280320F82E3C7263E5
:10F0B00085601646E1E70122F6F7CEBB002118383D
:10F0C000FFF7F9BF01208840704700F003020432C7
:10F0D00092000F23934043EA900010B5C3B29B0007
:10F0E00003F1804303F59C33020C9C6892FAA2F270
:10F0F000B2FA82F224EA104091400143996010BDB7
:10F100000B88C3F30B0303F57D62C2F30B02782A6D
:10F1100082B014D803F1804303F50E3348681A68AF
:10F1200002431A600B88C3F30B0303F1804303F51A
:10F130000E3300201B680193019B02B070476FF0F3
:10F140008500FAE70B88C3F30B0303F57D62C2F376
:10F150000B02782A9FBF03F1804303F50E33496801
:10F160001A689DBF8A4300201A606FF085007047BF
:10F17000072808D8EA23C34013F0010F14BF00206A
:10F180006FF0850070476FF08500704710B50888F4
:10F19000C0F30B00FFF7ECFF00281FDB4A68FF2AD3
:10F1A0001BD093B203F1804303F50E33C2F38454B2
:10F1B0001868C2F3054204FA02F220EA02021A6059
:10F1C00049688BB203F1804303F50E33CA0E186809
:10F1D000C1F305418A4002431A60002010BD08882F
:10F1E000C0F30B0008B500F57D63C3F30B03782B68
:10F1F0000AD800F1804000F50E304B680268934356
:10F2000014BF0120022008BDFFF7B2FF002814BF81
:10F2100001200220F7E7704743685B681B690B60B9
:10F220000020704743685B68586942400A4042408A
:10F230005A610020704743685B68002099617047FD
:10F2400043685B68090499610020704743685A6805
:10F2500053694B4053610020704710B503699868AB
:10F26000F8B1884219D1DC6808689860A14200D1E1
:10F27000D860002008602AB19A680A60DA6899604C
:10F2800002B9D960002010E0814206D108682060F0
:10F29000D8688142EDD1DC60EBE7044600680028C5
:10F2A000F2D1002AE8D16FF0150010BDF0B5446826
:10F2B0000120676888401E46C2F3801327EA0007D2
:10F2C0008B403B43636090FAA0F7B7FA87F7D4F816
:10F2D00008C04FF0030E7F000EFA07F72CEA070C68
:10F2E00090FAA0F7B7FA87F7C2F3C1137F00BB40CB
:10F2F00043EA0C03A36090FAA0F3B3FA83F3E76840
:10F300005B000EFA03F327EA030790FAA0F3B3FABF
:10F3100083F302F030055B00C2F341229A403A4386
:10F32000202DE26016D107292BD890FAA0F3226A8B
:10F330002BB3B3FA83F39B000F2101FA03F322EA04
:10F34000030290FAA0F3B3FA83F39B0006FA03F3E7
:10F350001343236290FAA0F3B3FA83F3226890FA7E
:10F36000A0F05B000321B0FA80F02D0901FA03F34D
:10F37000400022EA030385401D432560F0BD2B4673
:10F38000D9E7030A616A93FAA3F282B1B2FA82F270
:10F3900092000F2793FAA3F3B3FA83F307FA02F26A
:10F3A0009B0021EA02029E4016436662D2E72A468B
:10F3B000EEE712F4003CF8B505460C4613461DD0A6
:10F3C000960714D550075DD55022D90611D542F4C1
:10F3D000007203F4C061B1F5806F42D0B1F5C06F27
:10F3E00019D0B1F5007F18D142F0800215E010224B
:10F3F000EBE79F06EDD542F48062EAE7D60305D538
:10F40000D00605D4C2F340129202E2E73022E0E7D0
:10F410004FF40072DDE742F4C07213F440372E69F6
:10F4200008D0306920FA04F1C9075FBF0121A1406B
:10F4300001433161BCF1000F06D0180314D569688F
:10F4400001234968A3408B61686800232146FFF7C8
:10F450002DFF27B9336923FA04F2D2070CD4002018
:10F46000F8BD42F48072D8E75903EDD50121A140DF
:10F470002846FFF7E5FEE7E70122A24023EA020360
:10F480003361ECE76FF08500EAE770B50B468968F9
:10F49000054611B15E680C6801B970BD8A682A40E2
:10F4A00002D04B68304698471CB1236821461C4661
:10F4B000F2E72346FAE7F8B51F46044640680E46D1
:10F4C0001546FFF7F3FE112F07D101212B0501FA95
:10F4D00006F104D563685B6899610020F8BD204699
:10F4E000FFF7AEFEF9E708B5002211461F20F5F739
:10F4F00039FF1F20F5F728FF002220201146F5F7DD
:10F5000031FFBDE808402020F5F71EBF08B50022F6
:10F5100011462120F5F726FF2120F5F715FF0022DF
:10F5200022201146F5F71EFFBDE808402220F5F71E
:10F530000BBF08B5002211464820F5F713FF4820FD
:10F54000F5F702FF002249201146F5F70BFFBDE851
:10F5500008404920F5F7F8BE2DE9F74398460B7AA5
:10F56000066943F0040315460B7207460C460B462A
:10F570000122AA420AD906F110094FF0FF324FF0DA
:10F58000FF334846F8F7D2FE002620E00AD2197A67
:10F59000187D81EA000C1CF0010F01D040071FD537
:10F5A00089071DD401320C33D2B2E2E7012D14BF1A
:10F5B00004F114030023CDE90038384694E80E0026
:10F5C00000F04BFA061E04DB013D0C34EDB2002DB9
:10F5D000ECD14846F8F776FE304603B0BDE8F0833C
:10F5E0006FF01506F8E7036993F84C200AB9F6F7AF
:10F5F000C1BD1B6A0B600020704700F033B900F0FA
:10F60000FFB943680169DB685A6822F4C0625A6036
:10F610005A6822F4C0625A605A6822F400725A6032
:10F620005A6822F480625A6091F84D201AB95A68DB
:10F6300022F480725A607047F8B54368DC6823682A
:10F6400023F001032360FFF7DCFF27686668A368E7
:10F65000E568E069216A626AD4F800C04CF4004CA5
:10F66000C4F800C0D4F800C09BB22CF4004CBFB268
:10F67000B6B243F48043ADB280B289B292B2C4F85C
:10F6800000C027606660A360E560E061216262629D
:10F69000F8BD38B543680569DC68FFF7B2FF95F837
:10F6A0004D301BB9236823F00103236038BD0346A6
:10F6B00000695B68426CDB688AB1013A42641AB93E
:10F6C0005A6822F480625A60826C1969127821F0BB
:10F6D000FF010A431A61836C013383647047C26A75
:10F6E000910742BF1A6842F400721A605A695207C1
:10F6F00048BF1B69F8F7E6BD70B50369D3E90D563D
:10F70000DC6B024626B10021ADB999631CB10AE059
:10F710003CB95DB15C631046FFF7BBFF6FF00400BE
:10F7200008E005B15E630021D963F4E709B9FFF78A
:10F73000B0FF002070BD5963E7E7C3685A6842F420
:10F7400080725A605A6842F400725A605A6842F4F1
:10F7500080625A6070472DE9F0411F464368046992
:10F76000DD680E4690462046F8F706FE736863642F
:10F770003368A364337AE36287F001070023C4E9A6
:10F780000C73C4E90E33A3622664A4F824802B68AA
:10F7900043F001032B602B6823F400632B602B687C
:10F7A00043F480632B60337A59070BD52B689A0595
:10F7B00041BF23F400731B041B0C2B602B6843F424
:10F7C00080732B60BDE8F081034600695B68426C82
:10F7D000DB68002A3DD0022A21D0032A2BD0012A3F
:10F7E0002ED11A6822F480621A601A6822F400622C
:10F7F0001A60C26A910742BF1A6842F400721A6026
:10F800005A6822F480625A60426C013A4264826C07
:10F810001B691370836C01338364F8F753BD026C6A
:10F820005268022A1DD81A6822F480621A601A6887
:10F8300042F400621A605A6822F480625A6070478B
:10F84000013A4264826C1B691370836C01338364D8
:10F850007047C26A920742BF1A6842F400721A6087
:10F86000DBE7704710B443680269DB685C69E40752
:10F8700085B0014630D5106A918C10F0010013D08C
:10F88000946AC91101F0060154B941F0F001906287
:10F890001A6922F0FF020A431A6105B010BC7047D2
:10F8A00041F0F1010020F2E7106B490020B11A6924
:10F8B000C9B222F0FF02EEE7186941F0010120F021
:10F8C000FF00C9B201431961526C022AE5D11A68DE
:10F8D00042F400621A60E0E75C69240705D5196903
:10F8E00092F8242021F0FF01D5E75C69A40739D5FF
:10F8F000106A116BC00715D5A9B9906AD0B1916291
:10F900005A690192019A9A690192019A1A689105BD
:10F9100041BF22F400721204120C1A601A6842F4F9
:10F920008072D7E731B15A690292029A9B690293B9
:10F93000029BB2E7526C012A0AD11A6822F4806253
:10F940001A605A690392039A9B690393039BA4E785
:10F95000022AF6D11A6822F480621A601A6842F408
:10F960000062EDE75C6964073AD5146B24B1084680
:10F9700005B010BCFFF79BBE516C022905D00329CE
:10F9800020D005B010BCFFF71FBFD16A8C0742BF63
:10F99000196841F400711960516C01395164916C1E
:10F9A00018690870906C411C9164516C0139516464
:10F9B0001B694370936C01339364104605B010BC0F
:10F9C000F8F780BC196821F480611960516C013925
:10F9D0005164916C1B690B70936C013393645CE709
:10F9E0005869000602D5106B0028C0D15B695B0620
:10F9F0007FF553AF136B002B7FF44FAF0846C0E782
:10FA000010B543680469DB685A6912F4806F0146D7
:10FA10005A690ED022F480625A611A6842F4007268
:10FA20001A600123A3630869F8F74CFC6FF0040027
:10FA300010BD920506D55A6922F400725A6101235D
:10FA40006363F0E7586910F48070F1D05A6922F4CA
:10FA500080725A610123E363E5E72DE9FF4101ADBF
:10FA600085E80E009DF80C300A9EBDF82C20076931
:10FA700013F00103044614D12946FFF76CFE6068B9
:10FA8000FFF75BFE41F2883200233846F8F74EFC60
:10FA9000C0B12046FFF7D0FD6FF0040004B0BDE810
:10FAA000F08143682946D3F80C800123FFF753FE09
:10FAB0006068FFF742FED8F8043043F4C063C8F82A
:10FAC0000430DFE731462046FFF716FEE6E730B5A3
:10FAD000036813600579046804EBC504A34202D3EC
:10FAE0006FF0010030BD5C798C4201D00833F0E743
:10FAF0000020F7E74368C1F34B101B6801F01F01BA
:10FB0000C05801238B40034214BF0123002313700C
:10FB10000020704710B54368C1F34B101A6801F01C
:10FB20001F01845801238B4023438350002010BDC4
:10FB300010B54368C1F34B14186801F01F01235836
:10FB400001228A4023EA02032350002010BD38B569
:10FB500004460D46FFF7DEFF29462046FFF7E8FF83
:10FB6000002038BD0023F4F70DBE83689B6818475A
:10FB700010B484686468A44610BC60477FB506462C
:10FB8000684601F075F9DDE90045706801230DF163
:10FB90000F02F321FFF7ECFF002814DB9DF80F3074
:10FBA00013F009000FD022462B46684601F085F974
:10FBB000DDE90023134304D000211E2001F0EBF8FF
:10FBC000E3E76FF00A0004B070BD2DE9F04F0023A9
:10FBD00087B0904640F2DC5205690446FFF7CEFF3D
:10FBE0000028C0F2EA8095F828306068602B0CBFCE
:10FBF0000823062304AAF721FFF7BAFF0028C0F262
:10FC0000DC809DF8103001939DF8113002939DF82F
:10FC100014309DF813209DF815109DF812001B015B
:10FC200043EA02332A8843EA1111C2EB131352004C
:10FC3000C2EBD102B5F902105B434A43B5F9041097
:10FC40001B134B439B1303EBE2236B6203EB830316
:10FC500080331B12C8F80030696AB5F90840B5F95D
:10FC600010E0B5F90EA0CE17B1F5FA3146F1FF3626
:10FC7000A1FB01C901FB06F309EB4309B5F90C30FF
:10FC80000393E21704FB06F301FB0233A4FB0124F8
:10FC900023441B03140343EA1253B5F90A20D71770
:10FCA00002FB09FB0CFB07BBA2FB0C725A443F0A88
:10FCB00047EA02673F19B5F806B043EB222303F584
:10FCC0000043A7FB0B720BFB0327FB177A1053EAC9
:10FCD00067074FF0000469D04FEAEE770EFB09F991
:10FCE0000CFB07990AFB06F64FEAEA7701FB076669
:10FCF000AAFB017A0299000940EA011056440199D1
:10FD00007604AEFB0CCE46EAD73640EA01307F04DB
:10FD100017EB0C07C0F58010CE444EEB060600F042
:10FD20000041E719039C41EA5001C007C01B06EBE4
:10FD3000C40640F6354461EB0601A0FB040604FB53
:10FD40000161F1F76BF80646B5F91640730B43EA0B
:10FD5000C1430846491304FB01F74FEAE47C03FB67
:10FD60000C77A4FB034C6744614303FB0711A4FB1E
:10FD700003430B44640E44EAC314A41940EB6361CB
:10FD8000B5F91430DF17584307FB0600A3FB063212
:10FD90001044DB0C43EA4033E41841EBE043240A0F
:10FDA00044EA0364B5F9123004EB0314C8F80440C4
:10FDB00095F82830602B03D0002007B0BDE8F08F05
:10FDC000BDF81620B5F91E30686A95F9221052BAAE
:10FDD00092B21B05C3EB8233B5F92020A0F5963013
:10FDE00000FB123303F58043DA132B7F4343DB120E
:10FDF0004143891203F500434B439B12B5F91A1096
:10FE000003F500134B4303F500539B135343DA13DD
:10FE1000297E5243D2114A43A3EB2213B3F1C85FA8
:10FE2000A8BF4FF0C85323EAE3731B13C8F8083088
:10FE3000C2E702692C32FFF7C8BE08B5006800F0BF
:10FE4000C2FD00280CBF6FF01200002008BD30B5C5
:10FE500089B004468DF807100DF107011D46029187
:10FE60000121CDE905250391072200210068A3881F
:10FE70008DF810108DF81C209DF81C20816842F030
:10FE800002028DF81C208C68022202A9A04709B04A
:10FE900030BD1FB503468DF80120022200689B8803
:10FEA0008DF80010CDF804D002928DF80C209DF84A
:10FEB0000C20816842F002028DF80C208C6801222F
:10FEC00001A9A04704B010BD82B00191090C07D16F
:10FED000BDF804300E2B0FD0102B11D00D2B03D0FA
:10FEE0006FF0850002B07047037A03F001031380BE
:10FEF000002BF5D00020F5E7037AC3F34003F6E7C3
:10FF0000037AC3F38003F2E780B20E2882B004D8EC
:10FF10000C2804D86FF0850005E01028FAD10823DA
:10FF20000B600020136002B0704700207047F7B5E7
:10FF30008CB20B2C86684FEA114139D011D824F0CD
:10FF40000403032B4FF0000333D0B34235D000EB52
:10FF500083052F8AA74202D16D8A8D4223D00133B7
:10FF6000F3E70023282CEFE7F51A022D03F1010C2B
:10FF700026D900EB83031D8ABD4221D15D8A8D42C3
:10FF80001ED1B3F814E0A51EADB2AE4518D1DD8A7E
:10FF90008D4215D1B3F818E0651EADB2AE450FD154
:10FFA0005B8B8B420CD101231380002003B0F0BD8A
:10FFB0000023E71EBFB2B342D6D16FF08500F5E74C
:10FFC0006346F8E713B580B23F2822D80F2818D02F
:10FFD0000ED820F00403032B16D00B280BBF2824C7
:10FFE0002024102308230C600020136002B010BDF1
:10FFF00028280CD039284FF0200414BF08231023E0
:020000040801F1
:10000000F1E718240823EEE728241023EBE7044641
:10001000FBE76FF08500E9E7F7B5876895B2002444
:10002000120CA74202D16FF015000EE000EB84061F
:100030004FEA840CB6F810E0AE4508D1768A9642B5
:1000400005D151F80C201A60002003B0F0BD013436
:10005000E7E77FB5144606684268ADF80430C4E9A6
:1000600000620122228190F90C20BDF828602274E0
:10007000ADF806600022626104F11803019A05469A
:10008000FFF7CAFF00281CDBBDF82030ADF80830B0
:10009000ADF80A60029A04F11C032846FFF7BCFF82
:1000A00000280EDBBDF82430ADF80C30ADF80E6042
:1000B000039A04F120032846FFF7AEFF0028A8BFEB
:1000C000012004B070BDF0B5144689B01E46236807
:1000D0000E9A059107468DB2002B4FD1002E4DD0C0
:1000E0003F2D4ED88168BDF8166000EB81010B2DC5
:1000F00001F110013BD01CD8032D23D0072D2FD0A8
:1001000038687B68ADF81C50C2E9000301251581F1
:1001100097F90C301374ADF81E6000235361384614
:1001200002F11803079AFFF777FF002816DB28462D
:1001300012E0282DE4D126232725CDE900350296AB
:10014000252305E001254FF0020CCDE9005C029665
:10015000FFF77FFF002801DD0123236009B0F0BD18
:1001600005230627CDE9003702960423F0E709238B
:1001700002960A26CDE900360823E9E76FF015005C
:10018000ECE71846EAE710B5044628B1F7F772FC29
:10019000C4E90001002010BD6FF01500FBE782B03C
:1001A00003680193019B43680193019B02B0704770
:1001B00008B54368186802680368D9070368C2F382
:1001C000C00248BF42F002029B07036848BF42F0EA
:1001D00004025907036848BF42F02002DB0542BF12
:1001E0006FF4807342F008020360D10701D5FFF776
:1001F000D6FF930701D5FFF7D2FF510701D5FFF7CF
:10020000CEFF930601D5FFF7CAFF104608BD43682D
:100210001A6802F10C0353E8003F43F0400302F177
:100220000C0040E800310029F3D1704743681A6898
:1002300002F10C0353E8003F23F0400302F10C00ED
:1002400040E800310029F3D1704743681B68186803
:1002500010F080001CBFD868C0F38010704743685E
:100260001B681868C0F38010704743681A6802F171
:100270000C0353E8003F43F0200302F10C0040E878
:1002800000310029F3D1704743681A6802F10C036A
:1002900053E8003F23F0200302F10C0040E8003156
:1002A0000029F3D1704743681B681868C0F34010F9
:1002B000704743681B681A68910602D5DA6892068F
:1002C00007D4186810F0400004D0D868C0F380103C
:1002D000704701207047012070470369C3E902128B
:1002E0007047026993680BB1D1681847704708B529
:1002F000002225201146F5F735F8BDE808402520F5
:10030000F5F722B808B5002226201146F5F72AF89D
:10031000BDE808402620F5F717B810B543681B68FC
:1003200010201A681206FCD5EFF3118280F31288B0
:10033000BFF36F8F1C68240604D482F31188BFF3C7
:100340006F8FEEE7596082F31188BFF36F8F10BD96
:1003500008B54368186803681A0701D5FFF71FFF3F
:1003600003689B0643BF43680B7000204FF0FF30CB
:1003700008BD03695B681B680B6043681B68DB682A
:1003800003F4C063B3F5806F2FD0A3F5C06CDCF12C
:10039000000343EB0C030B7143681B681B6903F4F8
:1003A0004053B3F5805F22D0B3F5405F21D0002BDE
:1003B0000CBF012303234B7143681B68DA68DB68B9
:1003C000D20403F4C06316D5002B14BF0323042307
:1003D0008B7143681B685B6903F44073A3F540723B
:1003E00053425341CB71002070470223D3E70023CF
:1003F000E1E70223DFE7002B14BF02230323E7E733
:1004000037B50269436810681C680D46D96883686F
:10041000DB681BB9F6F7CEFD03B030BD01AA9847E3
:100420000028F7DBE368019823F400431921E36017
:10043000AA00AB0FA0FB0101F0F740FD6422B0FB66
:10044000F2F102FB11031B013233B3FBF2F303EBB6
:1004500001139BB2A360DFE710B543681868C46856
:10046000C36814F4805403D013F4C06F12D0002476
:10047000131B002B02DD03689B0601D4204610BD30
:1004800043680B5503681B0704F10104F0D5FFF71F
:1004900086FEEDE76FF08504F0E730B543681B6832
:1004A000DC68D868E40402D510F4C06F1AD018686C
:1004B00010F080000ED0EFF31184102080F312882A
:1004C000BFF36F8F0020151A002D04DC84F3118810
:1004D000BFF36F8F30BD1D682D06F7D50D5C5D60D5
:1004E0000130F0E76FF08500F4E730B504460868A6
:1004F00008B9106008E0206845689D4205D3B5FB47
:10050000F3F515602368186830BD0830206008686E
:1005100001380860EBE770B5044615461E46E9B998
:1005200041630023A36304F14802334604F1380118
:1005300004F13400FFF7D9FF6064ADB9E56300232F
:10054000236404F15002334604F1400104F13C00FD
:10055000FFF7CBFF0023E064236370BD0B684363A8
:10056000002BDED04B68DDE72B68E363002BE6D081
:100570006B68E5E710B50B684A6C9B88C3F34513BD
:10058000082B0C4623D1D2B18B6C03B11378DBB2AC
:100590000373A36C93B1013BA36493B9636B0833FA
:1005A0006363A36B013BA363012304F1480204F1DD
:1005B000380104F13400FFF798FF606410BD134662
:1005C000E5E7636C002BF9D001336364F6E792B181
:1005D0008B6C03B113889BB28381A36C002BEDD08D
:1005E000013BA3644BB9636B08336363A36B013BAB
:1005F000A3630223D9E71346EDE7636C002BDDD03C
:100600000233E2E710B50C46D1E913312268928833
:10061000C2F34512082A20D1027BD2B20BB101B13C
:100620001A70236D93B1013B236583B9E36B0833E3
:10063000E363236C013B2364012304F1500204F1C2
:10064000400104F13C00FFF750FFE06410BDE36C93
:10065000002BFBD00133E364F8E7C2680BB101B1B2
:100660001A80236D002BF1D0013B23653BB9E36B6E
:100670000833E363236C013B23640223DDE7E36C6F
:10068000002BE3D00233E6E708B523200022052142
:10069000F4F768FEBDE808402320F4F755BE034692
:1006A0000A4600681979012303FA01F103691B68FE
:1006B000194218BF82F0010212B18368DB68184743
:1006C00083681B69FBE710B5036804464BB19A6861
:1006D0003AB1186900F068F9206800210830FFF786
:1006E000DEFFA36933B9636004F11000BDE8104078
:1006F000F7F7E8BD10BD10B544680069FFF7E3FFE8
:1007000023681A6822F040021A60186810F040004E
:10071000FBD110BD2DE9F341436806691C6863688D
:1007200023F080036360636823F0400363606368C1
:1007300023F020036360236803F48273B3F5827FA0
:100740000F4616D1A3681D06FCD4D0F81080D8F847
:10075000002072B1936863B1938813F4805508D177
:10076000106900F021F9D8F8000029460830FFF799
:1007700096FFA368990606D5A3680193019B236899
:1007800023F04003236033689B88DA0406D423688F
:1007900023F04003236023685B06FCD4376306F133
:1007A000200002B0BDE8F041F7F78CBD2DE9F84319
:1007B000476804693B7DD7F80080064623B1D8F826
:1007C00000305D0640F1EE804046F6F79DFD05469F
:1007D00028B129463046BDE8F843FFF79BBFA26C1D
:1007E0000AB9236DC3B123683D689B88D80748D4F4
:1007F0003B7D6BB32B6803F44449B9F5404F17D1E7
:10080000AB6899071FD43868F6F77EFD054618B126
:1008100001463046FFF77EFFD8F8003013F444431A
:1008200040F0B880A36C002B40F0BC80236DB6E094
:10083000AB68DA0703D521462846FFF7E3FEB9F592
:10084000004FDDD1DFE721462846FFF793FEDAE7C8
:100850002B6803F44449B9F5004F07D13868836821
:10086000DD07FCD52146FFF7CDFECCE7AB689B0743
:10087000FCD521462846FFF77DFEB9F5404FC2D092
:10088000ECE7A968890762D5002A60D0C3F3451355
:10089000082B626C46D113782B73A36C9BB1013B80
:1008A000A364002B38D1636B08336363A36B013BF4
:1008B000A363012304F1480204F1380104F1340078
:1008C000FFF713FE6064AB68DB079CD5E36C002B7D
:1008D00099D0226D002A96D022689288C2F34512E0
:1008E000082A40D12A7B1A70236D002B8BD0013B44
:1008F0002365002B30D1E36B0833E363236C013BAA
:100900002364012304F1500204F1400104F13C008E
:10091000FFF7EBFDE06476E7636C002BD3D0013387
:100920006364D0E71388AB81A36C002BCBD0013B71
:10093000A3643BB9636B08336363A36B013BA3639D
:100940000223B7E7636C002BBDD00233E8E76B6886
:1009500023F080036B60B6E7E36C002B3FF453AFEA
:100960000133E3644FE7EA681A80236D002B3FF4FC
:100970004AAF013B23653BB9E36B0833E363236C68
:10098000013B23640223BDE7E36C002B3FF43BAF44
:100990000233E6E7B3F5404F7FF448AFA36C002B7A
:1009A0003FF417AFBDE8F88338B5044648B1F7F710
:1009B0004DF8602305465C43F7F748F8431BA34214
:1009C000FAD338BD704740B1C368587810F00100C1
:1009D0001EBF1878B0FA80F040097047EFF311831A
:1009E000102383F31288BFF36F8FFEE710B54369BE
:1009F000044633B90020E268537843F00103537092
:100A000010BD98470028F5D00028B8BF4042E368E1
:100A1000FF28A8BFFF201870EDE7F9F759B8EFF7E6
:100A2000AFBC4169826842EA010313F003030FD1AE
:100A3000C3600369013B03FB0122002B01DA0020A4
:100A40007047C16811604169C260013B521AF4E706
:100A50006FF0150070472DE9F04105460F46EFF3A2
:100A60001188102383F31288BFF36F8FC668F6B91D
:100A70000468A0421BD0D4B1D4E9003213605A609C
:100A8000637BA66023F002036373C4E9006604F18C
:100A9000180000F0BFF92046A667276100F008F9AA
:100AA000414605F10800BDE8F041F7F783BE3E601E
:100AB000AB69EF60013BAB6188F31188BFF36F8FC7
:100AC000BDE8F08108B51024EFF3118384F3128898
:100AD000BFF36F8FFEF714FAF6E790F90E308B42F2
:100AE00001D0F7F7F5BD0020704703460020C3E9A9
:100AF0000200C3E900337047D0E9003213605A6046
:100B0000427B002322F00202C0E90033427383607B
:100B100070472DE9F843904604469DF820200D4685
:100B200000F10809EFF31187102181F31288BFF358
:100B30006F8F02B14568A668B14515D0A6B13046A1
:100B4000FFF7DAFF002406F1180000F063F93046E1
:100B5000B467C6F8108000F0ABF848463946F7F79E
:100B600029FE2046BDE8F883A3B10820F8F79CFAD7
:100B7000002832D00122C0F804800260016801F030
:100B800003015DB922680A430260626820606AB9A5
:100B900060600BE0C8F800304046EFE72A68032A9F
:100BA00010D80160616839B9C4E90000002087F3FA
:100BB0001188BFF36F8FD5E70A6802F00302024382
:100BC0000A60E5E722F003020A4302602A6802F0A5
:100BD000030240EA02032B60E8E76FF00B00E6E750
:100BE00010B5044630B10268930703D0446809B1D8
:100BF00000F0ACF9204610BD07B501230093002397
:100C00000A461946FFF785FF03B05DF804FB3AB1C9
:100C10008A4205D3C0E90212C0E9000000207047F3
:100C20006FF015007047EFF30580003818BF012002
:100C300070476FF05700704700207047D0E90032CE
:100C400013605A600023C0E90033704708B5FFF70E
:100C5000F5FF437B23F0020343730023836008BD49
:100C600038B504460D46F7F791FC637B43F0020369
:100C70006373E5B1A5602B689D4209D16B68C4E937
:100C800000531C606C6012E06A689A42F6D01B68E0
:100C9000002BF3D094F90E2093F90E108A42F3D072
:100CA0009142F1DD5A68C4E9003214605C6038BDDD
:100CB00010B5EFF31184102383F31288BFF36F8F05
:100CC000F7F722FC84F31188BFF36F8F10BD08B5CE
:100CD000EFF31181102282F31288BFF36F8F8368C4
:100CE0000BB1FFF7B3FF81F31188BFF36F8F08BD1E
:100CF00010B50146EFF31184102383F31288BFF37C
:100D00006F8F437B13F0280F0AD183680BB1FFF775
:100D10009DFF4B7B23F004034B730846F7F7F4FB6E
:100D200084F31188BFF36F8F10BD01211838FFF7CE
:100D3000DFBF08B50346EFF31181102282F312885A
:100D4000BFF36F8F0068834207D008B1FFF77EFFC3
:100D500081F31188BFF36F8F08BD0020F8E710B54D
:100D6000FFF7B5FFBDE81040183000F053B838B5B4
:100D700004680546AC424FF0000000D138BD002C9D
:100D8000FCD02046FFF7EBFF2046FFF791FF2C68D1
:100D90000120A542F1E738B504460D46F7F7C4FD3A
:100DA000B5F1FF3F08BFB4F1FF3F0346204614D022
:100DB00013F109004FEAE37141F100010A2871F1D2
:100DC00000030BD36FF00A0383424FF004038B41FF
:100DD00006D30A220023F0F771F838BD0020FCE7A3
:100DE0006FF00040F9E708B50246F7F741FF70B130
:100DF000D0E904319B1A61EBE272B3F1004F72F15A
:100E0000000104DA002AACBF1846002008BD6FF0CC
:100E10000040FBE738B50246EFF31185102383F35A
:100E20001288BFF36F8F0368CBB1F7F721FF044639
:100E30001046F7F72FFF00224FF000438442C0E92D
:100E4000042306D1F7F71CFFFFF7CDFF0021F6F7CB
:100E500063FD002085F31188BFF36F8F38BD6FF0FD
:100E60001500F7E708B5F8F721F808BDF8F71EB840
:100E7000B3F1FF3F08BFB2F1FF3F70B506461D4614
:100E8000144614D01A4316D0002B08DBF8F70EF8DE
:100E9000041941EB0501C6E90041304670BD6FF011
:100EA00001031C1B4FF0FF3363EB0501F3E74FF029
:100EB000FF342146EFE70024FBE7B3F1FF3F08BF13
:100EC000B2F1FF3FF8B5074616461C4610D054EA6B
:100ED000020311D0F7F7EAFFB0420A46A1410346E8
:100EE0000AD2F31A64EB0204C7E900343846F8BDAD
:100EF0004FF0FF331C46F7E70023FBE70023C0E970
:100F0000081200F11802C0E90622C0E900330363A9
:100F10004363704710B50446FFF77CFFA8B9636AC6
:100F20000BB12046984704F11800FFF702FF60B1AB
:100F3000FFF7BEFEEFF31180102383F31288BFF397
:100F40006F8FBDE81040F7F747BC10BD20B1011FFF
:100F500050F8040C00F009B8704710B400F10C040C
:100F6000C0E9034410BCFDF785B938B50446EFF37A
:100F70001185102383F31288BFF36F8FFDF73BF9C0
:100F800004F10C00FFF7F3FE30B1294604F1140020
:100F9000BDE83840F7F70EBC85F31188BFF36F8FBB
:040FA00038BD000058
:080FA4004CFFFE7F010000007C
:100FAC00000000008C100108114200080000000035
:100FBC005180000800000000C590000800000000EF
:100FCC0000000000AC100108000000008C110108AA
:100FDC0000000000CC11010800000000CC1001083A
:100FEC0000000000AC110108000000006C110108A9
:100FFC00000000004C110108000000002C11010839
:10100C00000000000C11010800000000EC100108A9
:10101C0000000000EC110108000000000C12010897
:10102C003D6000080000000081780008000000000E
:10103C00B942000800000000695A000800000000D6
:10104C00495B00080000000045EF000800000000AC
:10105C00000000006C120108000000004C12010896
:10106C00000000002C120108000000008C12010886
:10107C0000000000AC1201082BFF0008000000006B
:10108C00DE2801080000000044160108F2080020C8
:10109C0000000000A95E0008000000000000000035
:1010AC00A52A0108C81A0108101601080A0900200F
:1010BC000000000000000000000000000000000024
:1010CC00C02801080000000000000000F00800200B
:1010DC00D01100202D5C0008000000000000000072
:1010EC00EB28010824190108D4150108F408002084
:1010FC00501200203D6100080000000000000000BC
:10110C00F928010838190108D4150108F60800203F
:10111C00641200203D610008000000000000000087
:10112C00072901084C190108D4150108F8080020FA
:10113C00781200203D610008000000000000000053
:10114C001529010860190108D4150108FA080020B6
:10115C008C1200203D61000800000000000000001F
:10116C002329010874190108D4150108FC08002072
:10117C00A01200203D6100080000000000000000EB
:10118C003129010888190108D4150108FE0800202E
:10119C00B41200203D6100080000000000000000B7
:1011AC003F2901089C190108D415010800090020E9
:1011BC00C81200203D610008000000000000000083
:1011CC004D290108B0190108D415010802090020A5
:1011DC00DC1200203D61000800000000000000004F
:1011EC00062E0108F81A0108601601080E090020E5
:1011FC00C4060020C17000080000000000000000C0
:10120C00162E0108481B0108601601081009002061
:10121C00DC060020C1700008000000000000000087
:10122C00132A0108C4190108F81501080409002043
:10123C00F01200206D6200080000000000000000A9
:10124C00202A0108041A0108F815010806090020D3
:10125C00401300206D620008000000000000000038
:10126C002D2A0108441A0108F81501080809002064
:10127C00901300206D6200080000000000000000C8
:10128C002C2F0108A01B01083C1601081209002094
:10129C00F40600207173000800000000000000003C
:1012AC00262C0108CC1A0108201601080C09002074
:1012BC00E01300205D650008000000000000000045
:1012CC0000000000EBEE000800000000EBEE000850
:1012DC0000000000EBEE000800000000EBEE000840
:1012EC0000000000EBEE000800000000EBEE000830
:1012FC00BE280108C55B0008BC280108C55B0008B6
:10130C00BA280108C55B0008B8280108C55B0008AD
:10131C00B6280108C55B000800000000EBEE0008D1
:10132C0000000000EBEE000800000000EBEE0008EF
:10133C0000000000EBEE000800000000EBEE0008DF
:10134C0000000000EBEE000800000000EBEE0008CF
:10135C0000000000EBEE000800000000EBEE0008BF
:10136C0000000000EBEE000800000000EBEE0008AF
:10137C0000000000EBEE0008B4280108C55B000873
:10138C0000000000EBEE000800000000EBEE00088F
:10139C0000000000EBEE000800000000EBEE00087F
:1013AC0000000000EBEE000800000000EBEE00086F
:1013BC0000000000EBEE00086C120108FBF50008C1
:1013CC006C120108FFF500084C120108FBF500082F
:1013DC004C120108FFF500088C120108AD0701083A
:1013EC0000000000EBEE00080C120108E3020108FB
:1013FC00EC110108E302010800000000EBEE00080C
:10140C00B2280108C55B000800000000EBEE0008E4
:10141C0000000000EBEE000800000000EBEE0008FE
:10142C0000000000EBEE000800000000EBEE0008EE
:10143C0000000000EBEE000800000000EBEE0008DE
:10144C0000000000EBEE000800000000EBEE0008CE
:10145C0000000000EBEE000800000000EBEE0008BE
:10146C0000000000EBEE000800000000EBEE0008AE
:10147C0000000000EBEE000800000000EBEE00089E
:10148C0000000000EBEE000800000000EBEE00088E
:10149C0000000000EBEE000800000000EBEE00087E
:1014AC0000000000EBEE000800000000EBEE00086E
:1014BC0000000000EBEE000800000000EBEE00085E
:1014CC0000000000EBEE000800000000EBEE00084E
:1014DC0000000000EBEE000800000000EBEE00083E
:1014EC0000000000EBEE000800000000EBEE00082E
:1014FC0000000000EBEE000800000000EBEE00081E
:10150C002C120108FBF500082C120108FFF500084D
:10151C0000000000EBEE000800000000EBEE0008FD
:10152C0000000000EBEE000800000000EBEE0008ED
:10153C0000000000EBEE000800000000EBEE0008DD
:10154C0000000000EBEE000800000000EBEE0008CD
:10155C0000000000EBEE000800000000EBEE0008BD
:10156C0000000000EBEE000800000000EBEE0008AD
:10157C0000000000EBEE000800000000EBEE00089D
:10158C0000000000EBEE000800000000EBEE00088D
:10159C0000000000EBEE000800000000EBEE00087D
:1015AC0000000000EBEE000800000000EBEE00086D
:1015BC0000000000EBEE000800000000EBEE00085D
:0815CC0000000000EBEE000836
:1015D400B3F3000819F2000825F2000837F20008F6
:1015E40041F200084DF200088D6000085BF200082B
:0415F40000000000F3
:1015F800E5610008E7F5000859F50008000000005B
:081608000000000000000000DA
:10161000F5FA000815FB000831FB00084FFB000835
:1016200000000000000000000000000033FE000881
:0C163000E16400088D680008C56900082E
:08163C00B1740008F706010873
:1016440001F1000845F1000800000000015E0008F7
:0C165400DFF10008000000008DF100082C
:10166000510301081B030108B1010108B57100080D
:10167000730301089B040108590401080F020108C3
:101680002D0201084B0201086B02010889020108C2
:101690005F020108A7020108D56E0008456F000827
:0C16A000B3020108D7020108DB020108B8
:1016AC00262C010804000000EE22010803000000B3
:1016BC005B290108030000003A2A0108030000001E
:1016CC00812A010803000000952A0108030000008C
:1016DC00212301080300000025230108030000005A
:1016EC004A240108030000003F2801080300000001
:1016FC002630010803000000A428010803000000A4
:10170C00BD2D010804000000392F01080300000062
:10171C00412A010803000000052301080300000012
:08172C00262E01080300000055
:10173400DC180108B4060020392401080100000067
:10174400C9FE000809FF0008E16700080000000066
:101758000000000008000000100000001800000051
:1017680020000000280000003000000038000000C1
:10177800000000000000304300000000000030C3FB
:101788000080E03779C34143176E05B5B5B8934675
:10179800F5F93FE9034F384D321D30F94877825A41
:1017A8003CBF737FDD4F1575000000000000F03F5F
:1017B8000000000000002440000000000000594024
:1017C8000000000000408F40000000000088C34077
:1017D80000000000006AF8400000000080842E41EC
:1017E80000000000D01263410000000084D7974138
:1017F8000000000065CDCD41000000205FA002423E
:10180800000000E876483742000000A2941A6D42B2
:10181800000040E59C30A2420000901EC4BCD642A5
:1018280000003426F56B0C430080E03779C3414350
:1018380000A0D8855734764300C84E676DC1AB43C6
:10184800003D9160E458E143408CB5781DAF1544E4
:1018580050EFE2D6E41A4B4492D54D06CFF08044BF
:10186800F64AE1C7022DB544B49DD9794378EA44D4
:10187800000B0020000100004BEC0008E1EB000821
:1018880002000000F1ED0008000000000000000068
:1018980000000000000000001924010821240108AC
:1018A80000000000000000000000000029240108DA
:1018B8002D2401083124010835240108CC18010819
:1018C8009C110020E54C0008B4110020861400206B
:1018D80001000000AFEE0008A5EE000873EE000856
:1018E80067EE0008000000005BEE00080000000042
:1018F800000000200000000000000B0602000000AD
:101908000C190108000000088C28010824000206B0
:10191800000000209428010820000B11FFFF0000A0
:10192800001C02400700000030000000800000009A
:10193800FFFF000000180240060000003000000011
:1019480040000000FFFF00000014024005000000F6
:101958003000000020000000FFFF000000100240DF
:10196800040000003000000010000000FFFF00002D
:10197800000C0240030000003000000008000000D6
:10198800FFFF0000000802400200000030000000D5
:1019980004000000FFFF00000004024001000000F6
:1019A8003000000002000000FFFF000000000240BD
:1019B80000000000300000000100000033F50008BE
:1019C800DC19010801000000005C0040801A0600D4
:1019D800E41901084000000000008000EC1901082B
:1019E80001000000F41901080200000004010000D1
:1019F8004002000084020000400200000DF50008CB
:101A08001C1A01080100000000580040801A060056
:101A1800241A010840000000000040002C1A0108A8
:101A280001000000341A010802000000440300000D
:101A3800400200006402000040020000E7F40008D1
:101A48005C1A01080100000000540040A086010053
:101A5800641A010840000000000020006C1A010808
:101A680001000000741A01080200000004030000CD
:101A7800400200002403000040020000CC110108CD
:101A8800AC1101088C1101086C1101084C110108F6
:101A98002C1101080C110108EC10010800000000CD
:101AA800000000000000000000000000000000002E
:101AB800000000000000000000000000000000001E
:101AC800003802406C12010877000000D81A01089B
:101AD8003BFE00084FFE000893FE00082FFF000899
:101AE800C5FF0008C700010800000000016A0008DF
:101AF80000440040AC10010811040000201B01083C
:101B080001000000000000000000000000000000CC
:101B1800281B01080503010840000000000002001E
:101B2800301B010801000000381B010802000000FA
:101B380047000000000200006700000000000000ED
:101B480000100140AC10010884040000701B01085B
:101B5800010000000000000000000000000000007C
:101B6800781B0108EF020108440000001000000083
:101B7800801B010801000000881B0108020000000A
:101B880027010000000200004701000000000000DB
:101B9800000000000000000000300140C01B0108E8
:101BA8008906010801000000B81B010800000000B8
:101BB8004400000000100000C81B010801000000DC
:101BC800D01B01080400000085000000000200008E
:101BD800A500000080050000C5000000000400000A
:101BE800E500000000040000DC2F0108EA2F0108CE
:101BF800FE2F01080D30010819300108AC0F01084B
:101C0800AC0F0108341001083C1001088C100108C1
:101C18008C100108002020202020202020202828A7
:101C28002828282020202020202020202020202094
:101C380020202020208810101010101010101010D4
:101C48001010101010040404040404040404041004
:101C58001010101010104141414141410101010192
:101C6800010101010101010101010101010101015C
:101C78001010101010104242424242420202020268
:101C8800020202020202020202020202020202022C
:101C980010101010200000000000000000000000DC
:101CA800000000000000000000000000000000002C
:101CB800000000000000000000000000000000001C
:101CC800000000000000000000000000000000000C
:101CD80000000000000000000000000000000000FC
:101CE80000000000000000000000000000000000EC
:101CF80000000000000000000000000000000000DC
:101D080000000000000000000000000000000000CB
:101D18000000000000000000494E4600696E6600A1
:101D28004E414E006E616E003031323334353637F5
:101D3800383961626364656600000000303132330F
:101D480034353637383941424344454600000000AF
:101D5800286E756C6C29000030000000303030307F
:101D680030303030303030303030303020202020AB
:101D7800202020202020202020202020496E666955
:101D88006E697479000000004E614E0042616C6C0F
:101D98006F632073756363656564656400000000A4
:101DA8002F5F5F772F5F74656D702F776F726B731E
:101DB800706163652F6275696C642F2E6275696C3A
:101DC800642F61726D2D7A65706879722D65616214
:101DD800692F7372632F6E65776C69622F6E6577F2
:101DE8006C69622F6C6962632F7374646C69622F0B
:101DF80064746F612E6300002F5F5F772F5F7465D7
:101E08006D702F776F726B73706163652F62756980
:101E18006C642F2E6275696C642F61726D2D7A6502
:101E2800706879722D656162692F7372632F6E65B0
:101E3800776C69622F6E65776C69622F6C69626373
:101E48002F7374646C69622F6D707265632E630002
:101E580005000000190000007D0000002C206675B8
:101E68006E6374696F6E3A200000000061737365D9
:101E78007274696F6E2022257322206661696C6511
:101E8800643A2066696C6520222573222C206C69CF
:101E98006E65202564257325730A00004300000041
:101EA800504F5349580000002E00000030303030A9
:101EB800303030303030303030303030202020205A
:101EC800202020202020202020202020001000007A
:101ED80000302D000A4572726F723A2044657669A7
:101EE80063652022257322206973206E6F74207227
:101EF800656164793B20636865636B20746865205D
:101F080064726976657220696E697469616C697A50
:101F18006174696F6E206C6F677320666F722065DD
:101F280072726F72732E0A00466F756E6420646554
:101F38007669636520222573222C2067657474698D
:101F48006E672073656E736F7220646174610A0036
:101F5800574531303A20696E6974206661696C654D
:101F6800643A2025640A00574531303A2077616980
:101F780074696E6720666F72206D6F64756C65207A
:101F880072656164792E2E2E0A00574531303A2049
:101F98006D6F64756C6520646964206E6F7420725F
:101FA80065706F72742072656164793A2025640ADD
:101FB800005564617900574531303A20636F6E6E81
:101FC800656374696E6720746F20576946692022BB
:101FD8002573222E2E2E0A00313233343536373807
:101FE80000574531303A205769466920636F6E6E55
:101FF800656374206661696C65643A2025640A002B
:102008006465762E72696768746563682E696F0007
:10201800574531303A20636F6E6E656374696E6739
:1020280020746F204D5154542062726F6B6572207A
:10203800222573222E2E2E0A006D7174742D646F62
:102048006B756C616D6F6869746B756D61722D3934
:10205800776B6B727300574531303A204D515454A9
:1020680020636F6E6E656374206661696C65643A9F
:102078002025640A00574531303A204D51545420E8
:10208800636F6E6E65637465642C20726561647934
:1020980020746F207075626C6973680A0057453147
:1020A800303A20636F6E74696E75696E6720776960
:1020B80074686F7574204D515454207075626C6942
:1020C8007368202873656E736F722D6F6E6C79203C
:1020D8006D6F6465290A0025733A2073656E736F06
:1020E800725F726561642829206661696C65643A6B
:1020F8002025640A0025733A2073656E736F725F3A
:102108006765745F6465636F646528292066616923
:102118006C65643A2025640A0074656D703A202560
:102128007325642E25643B2070726573733A2025ED
:102138007325642E2564206B50613B20616C7469A3
:10214800747564653A2025642E2564206D0A00257F
:10215800642E256400626173652F73746174652F42
:1021680074656D706572617475726500626173651E
:102178002F73746174652F7072657373757265005F
:10218800626173652F73746174652F616C7469740F
:102198007564650057453130203C2D2025730A00B1
:1021A80057453130202D3E20257300434D442B5296
:1021B800455345540D0A00434D442B574946494D54
:1021C8004F44453D310D0A00434D442B434F4E5477
:1021D8004F41503D25732C25730D0A00434D443F54
:1021E800574946490D0A00434D442B4D5154544E0E
:1021F80045544346473D25732C25750D0A00434D2C
:10220800442B4D515454434F4E4346473D332C25A0
:10221800732C2C2C2C2C2C2C2C2C0D0A00434D44CC
:102228002B4D51545453544152543D310D0A0043DF
:102238004D442B4D5154545055423D25732C257314
:102248000D0A0028756E7369676E656429206368D6
:102258006172202A207573656420666F72202525B7
:102268007020617267756D656E742E2049742773CE
:10227800207265636F6D6D656E64656420746F2090
:102288006361737420697420746F20766F696420A9
:102298002A2062656361757365206974206D6179B0
:1022A800206361757365206D69736265686176691D
:1022B8006F7220696E206365727461696E20636F46
:1022C8006E66696775726174696F6E732E205374D8
:1022D80072696E673A2225732220617267756D658F
:1022E8006E743A25640063627072696E74665F701A
:1022F80061636B61676500286E696C290073746D92
:1023080033325F6261636B75705F646F6D61696EB4
:10231800006C6F6767696E67006C6F67006C6F674A
:102328005F6D676D74004D65737361676520282262
:10233800257322292064726F70706564206265635A
:1023480061757365206974206578636565647320B9
:1023580073697A65206C696D69746174696F6E2040
:1023680028257529004D6573736167652064726F50
:102378007070656420626563617573652069742097
:10238800657863656564732073697A65206C696D27
:1023980069746174696F6E2028257529001B5B308C
:1023A8006D00257320005B2530386C755D20005B5F
:1023B800253032753A253032753A253032752E255A
:1023C8003033752C253033755D200025732F003C84
:1023D80025733E200025733A2000253032782000EE
:1023E800202020007C00256300206D6573736167E1
:1023F80065732064726F70706564202D2D2D0D0A31
:102408001B5B306D001B5B313B33316D2D2D2D2057
:10241800001B5B313B33316D001B5B313B33336D4C
:10242800006572720077726E00696E66006462679A
:10243800006C6F675F6261636B656E645F75617284
:1024480074006C6F675F756172740072302F613150
:102458003A2020307825303878202072312F6132A8
:102468003A2020307825303878202072322F613396
:102478003A20203078253038780072332F61343A8A
:102488002020307825303878207231322F69703A20
:102498002020307825303878207231342F6C723A09
:1024A80020203078253038780020787073723A20F0
:1024B80020307825303878004661756C74696E670D
:1024C80020696E737472756374696F6E20616464D9
:1024D8007265737320287231352F7063293A203062
:1024E800782530387800556E68616E646C656420B4
:1024F8004952516E3A202564002A2A2A2A2A204263
:102508005553204641554C54202A2A2A2A2A00206D
:1025180020537461636B696E67206572726F720015
:102528002020556E737461636B696E6720657272E3
:102538006F7200202050726563697365206461744E
:102548006120627573206572726F720020204246A6
:10255800415220416464726573733A20307825785B
:10256800002020496D707265636973652064617429
:102578006120627573206572726F72002020496E47
:10258800737472756374696F6E20627573206572F7
:10259800726F72002020466C6F6174696E672D70CF
:1025A8006F696E74206C617A792073746174652028
:1025B800707265736572766174696F6E2065727288
:1025C8006F72002A2A2A2A2A205553414745204655
:1025D80041554C54202A2A2A2A2A00202044697668
:1025E8006973696F6E206279207A65726F002020A6
:1025F800556E616C69676E6564206D656D6F727983
:10260800206163636573730020204E6F20636F70D1
:10261800726F636573736F7220696E73747275631A
:1026280074696F6E73002020496C6C6567616C205B
:102638006C6F6164206F66204558435F524554555E
:10264800524E20696E746F205043002020496C6CF4
:102658006567616C20757365206F662074686520F6
:1026680045505352002020417474656D7074207475
:102678006F206578656375746520756E6465666935
:102688006E656420696E737472756374696F6E0029
:102698002A2A2A2A2A204D5055204641554C542092
:1026A8002A2A2A2A2A002020537461636B696E67DC
:1026B800206572726F722028636F6E74657874205B
:1026C80061726561206D69676874206265206E6F4C
:1026D800742076616C69642900202044617461204B
:1026E8004163636573732056696F6C6174696F6EBB
:1026F8000020204D4D464152204164647265737339
:102708003A2030782578002020496E7374727563FA
:1027180074696F6E204163636573732056696F6CCB
:102728006174696F6E0052657365727665642045E1
:102738007863657074696F6E2028005370757269CC
:102748006F757320696E746572727570742028498C
:1027580052512000535053454C20696E20746872C2
:10276800656164206D6F646520646F6573206E6FAA
:102778007420696E64696361746520505350002A3F
:102788002A2A2A2A2048415244204641554C54209E
:102798002A2A2A2A2A002020427573206661756C2D
:1027A80074206F6E20766563746F72207461626C3A
:1027B8006520726561640020204465627567206544
:1027C80076656E740020204661756C7420657363AD
:1027D800616C6174696F6E20287365652062656C31
:1027E8006F772900415243485F455843455054206C
:1027F8007769746820726561736F6E2025780A00A6
:102808002A2A2A2A2A204465627567206D6F6E6914
:10281800746F7220657863657074696F6E202A2AF8
:102828002A2A2A002A2A2A2A2A20257320256429C6
:10283800202A2A2A2A2A006D7075004661696C656B
:102848006420746F20616C6C6F63617465206E65C1
:1028580077204D505520726567696F6E2025750A7F
:1028680000506172746974696F6E2025753A20731F
:10287800616E69747920636865636B206661696C51
:1028880065642E00464C4153485F30005352414D19
:102898005F300061626F727428290A007274696F70
:1028A8005F6578656375746F72000A060505040133
:1028B8000301020101010001696E7465727275708D
:1028C800742D636F6E74726F6C6C65724034303047
:1028D8003133633030007263634034303032333820
:1028E8003030006770696F403430303231633030D7
:1028F800006770696F4034303032313830300067EB
:1029080070696F403430303231343030006770696C
:102918006F403430303231303030006770696F408A
:102928003430303230633030006770696F40343093
:10293800303230383030006770696F4034303032B0
:1029480030343030006770696F40343030323030A6
:102958003030006932630049324320636F6E74720D
:102968006F6C6C6572206E6F7420636F6E6669673A
:10297800757265640025733A20696E76616C6964C6
:10298800206D6F6465202569004661696C65642067
:1029980063616C6C20636C6F636B5F636F6E7472E2
:1029A8006F6C5F6765745F726174652870636C6BC8
:1029B800656E5B305D2900636C6F636B20636F6EBF
:1029C80074726F6C20646576696365206E6F74201D
:1029D800726561647900496E76616C696420493278
:1029E800432062697420726174652076616C756534
:1029F800006932633A206661696C75726520696E98
:102A0800697469616C697A696E6700693263403418
:102A18003030303563303000693263403430303024
:102A28003538303000693263403430303035343036
:102A380030006932635F6C6C5F73746D33320049C8
:102A480032432070696E6374726C2073657475709C
:102A5800206661696C6564202825642900693263F1
:102A68003A206661696C75726520656E61626C6991
:102A78006E6720636C6F636B006932635F6C6C5FB9
:102A880073746D33325F636F6D6D6F6E006932639F
:102A98005F6C6C5F73746D33325F7631007265738F
:102AA80065742D636F6E74726F6C6C65720025733C
:102AB8003A2062757320636865636B206661696C90
:102AC80065643A2025640025733A204944207265DC
:102AD8006164206661696C65643A20256400257329
:102AE8003A204944204F4B0025733A204944204F4F
:102AF8004B2028424D50323830290025733A206245
:102B080061642063686970206964203078257800E2
:102B180025733A20536F66742D7265736574206649
:102B280061696C65643A2025640025733A20434F37
:102B38004D505F5354415254207265616420666160
:102B4800696C65643A2025640025733A2048554D20
:102B58005F434F4D505F504152543120726561645C
:102B6800206661696C65643A2025640025733A2003
:102B780048554D5F434F4D505F504152543220727B
:102B8800656164206661696C65643A202564002586
:102B9800733A204354524C5F48554D2077726974FC
:102BA80065206661696C65643A2025640025733A7E
:102BB80020434F4E46494720777269746520666105
:102BC800696C65643A2025640025733A20435452A1
:102BD8004C5F4D4541532077726974652066616981
:102BE8006C65643A2025640025733A2022257322F7
:102BF800204F4B00626D653238305F726561645FEB
:102C0800636F6D70656E736174696F6E00626D6578
:102C18003238305F636869705F696E697400424D6D
:102C280045323830004661696C656420746F2067EE
:102C380065742061207265616420627566666572DC
:102C4800206F662073697A6520257520627974651E
:102C580073004661696C656420746F206765742031
:102C680073656E736F7220636C6F636B2063796337
:102C78006C6573004661696C656420746F206665D5
:102C88007463682073616D706C6573005254494FAA
:102C980020776F726B206974656D20616C6C6F634F
:102CA8006174696F6E206661696C65642E20436F7C
:102CB8006E736964657220746F20696E63726561F2
:102CC800736520434F4E4649475F5254494F5F57FB
:102CD8004F524B515F504F4F4C5F4954454D532E07
:102CE8000025733A204661696C656420746F20671B
:102CF8006574206368616E6E656C202874797065F0
:102D08003A2025642C20696E646578202564292C76
:102D180020736B697070696E670025733A2076615D
:102D28006C75655B25645D2070726576696F757377
:102D38006C7920636F6D707574656420617420719F
:102D48005B25645D4025700025733A2076616C75BB
:102D5800655B25645D3D257325642E253036642C1E
:102D680020715B25645D4025703D25642C207368C7
:102D78006966743A2025640025733A20546F74619B
:102D88006C206368616E6E656C7320696E2068657F
:102D9800616465723A2025750073656E736F725FA2
:102DA8007375626D69745F66616C6C6261636B5F99
:102DB80073796E630073656E736F725F636F6D70A6
:102DC800617400436F756C64206E6F7420656E616A
:102DD800626C6520284C50295541525420636C6F11
:102DE800636B00726573657420636F6E74726F6CC9
:102DF8006C6572206E6F742072656164790073650A
:102E08007269616C4034303030343430300073656E
:102E18007269616C40343030313130303000756166
:102E280072745F73746D33320025733A2065727261
:102E38003D256400436F756C64206E6F7420656E69
:102E480061626C652053504920636C6F636B00535B
:102E580050492070696E6374726C20736574757064
:102E6800206661696C656420282564290043532025
:102E78004750494F20706F72742025732070696E17
:102E8800202564206973206E6F74207265616479EF
:102E9800004661696C65642063616C6C20636C6FCB
:102EA800636B5F636F6E74726F6C5F6765745F727C
:102EB8006174652870636C6B5B305D2900556E73B7
:102EC8007570706F72746564206672657175656E71
:102ED8006379202575487A2C206D617820257548FE
:102EE8007A2C206D696E202575487A0054696D65C5
:102EF8006F75742077616974696E6720666F7220D8
:102F08007472616E7366657220636F6D706C657440
:102F180065007370695F73746D33325F6765745FE2
:102F2800657272007370694034303031333030303C
:102F3800007370695F6C6C5F73746D3332000000EE
:102F480000000000000001020304060708094861A8
:102F58006C74696E672073797374656D00556E6B58
:102F68006E6F776E206572726F7200756E6B6E6F22
:102F7800776E003E3E3E205A455048595220464101
:102F880054414C204552524F522025643A20257313
:102F9800206F6E20435055202564004661756C747F
:102FA80020647572696E6720696E746572727570D7
:102FB800742068616E646C696E670A00437572728A
:102FC800656E74207468726561643A2025702028E3
:102FD8002573290043505520657863657074696FBF
:102FE8006E00556E68616E646C656420696E746508
:102FF800727275707400537461636B206F766572BA
:10300800666C6F77004B65726E656C206F6F7073BE
:10301800004B65726E656C2070616E6963006F733A
:10302800002A2A2A20426F6F74696E67205A6570D9
:10303800687972204F53206275696C642076342E4B
:0C304800322E30202A2A2A0A0000000044
:10305400000000000000000000000020000000202C
:1030640008000020080000201000002010000020AC
:10307400180000201800002020000020200000205C
:10308400280000202800002030000020300000200C
:1030940038000020380000204000002040000020BC
:1030A400480000204800002050000020500000206C
:1030B400580000205800002060000020600000201C
:1030C40068000020680000207000002070000020CC
:1030D400780000207800002080000020800000207C
:1030E400880000208800002090000020900000202C
:1030F4009800002098000020A0000020A0000020DC
:10310400A8000020A8000020B0000020B00000208B
:10311400B8000020B8000020C0000020C00000203B
:10312400C8000020C8000020D0000020D0000020EB
:10313400D8000020D8000020E0000020E00000209B
:10314400E8000020E8000020F0000020F00000204B
:10315400F8000020F80000200001002000010020F9
:1031640008010020080100201001002010010020A7
:103174001801002018010020200100202001002057
:103184002801002028010020300100203001002007
:1031940038010020380100204001002040010020B7
:1031A4004801002048010020500100205001002067
:1031B4005801002058010020600100206001002017
:1031C40068010020680100207001002070010020C7
:1031D4007801002078010020800100208001002077
:1031E4008801002088010020900100209001002027
:1031F4009801002098010020A0010020A0010020D7
:10320400A8010020A8010020B0010020B001002086
:10321400B8010020B8010020C0010020C001002036
:10322400C8010020C8010020D0010020D0010020E6
:10323400D8010020D8010020E0010020E001002096
:10324400E8010020E8010020F0010020F001002046
:10325400F8010020F80100200002002000020020F4
:1032640008020020080200201002002010020020A2
:103274001802002018020020200200202002002052
:103284002802002028020020300200203002002002
:1032940038020020380200204002002040020020B2
:1032A4004802002048020020500200205002002062
:1032B4005802002058020020600200206002002012
:1032C40068020020680200207002002070020020C2
:1032D4007802002078020020800200208002002072
:1032E4008802002088020020900200209002002022
:1032F4009802002098020020A0020020A0020020D2
:10330400A8020020A8020020B0020020B002002081
:10331400B8020020B8020020C0020020C002002031
:10332400C8020020C8020020D0020020D0020020E1
:10333400D8020020D8020020E0020020E002002091
:10334400E8020020E8020020F0020020F002002041
:10335400F8020020F80200200003002000030020EF
:10336400080300200803002010030020100300209D
:10337400180300201803002020030020200300204D
:1033840028030020280300203003002030030020FD
:1033940038030020380300204003002040030020AD
:1033A400480300204803002050030020500300205D
:1033B400580300205803002060030020600300200D
:1033C40068030020680300207003002070030020BD
:1033D400780300207803002080030020800300206D
:1033E400880300208803002090030020900300201D
:1033F4009803002098030020A0030020A0030020CD
:10340400A8030020A8030020B0030020B00300207C
:10341400B8030020B8030020C0030020C00300202C
:10342400C8030020C8030020D0030020D0030020DC
:10343400D8030020D8030020E0030020E00300208C
:10344400E8030020E8030020F0030020F00300203C
:10345400F8030020F80300200000000060050020AD
:10346400C805002030060020000000000000000015
:103474000000000000000000000000000000000048
:103484000000000000000000000000000000000038
:103494000000000000000000000000000000000028
:1034A4000000000000000000000000000000000018
:1034B4000000000000000000000000000000000008
:1034C40000000000000000000000000000000000F8
:1034D40000000000000000000000000000000000E8
:1034E40000000000000000000000000000000000D8
:1034F40000000000000000000000000000000000C8
:1035040001000000000000000E33CDAB34126DE664
:10351400ECDE05000B0000000000000000000000CD
:103524000000000000000000000000000000000097
:103534000000000000000000000000000000000087
:103544000000000000000000000000000000000077
:103554000000000000000000000000000000000067
:103564000000000000000000000000000000000057
:103574000000000000000000000000000000000047
:103584000000000000000000000000000000000037
:103594000000000000000000000000000000000027
:1035A4000000000000000000000000000000000017
:1035B4000000000000000000000000000000000007
:1035C40000000000000000000000000000000000F7
:1035D40000000000000000000000000000000000E7
:1035E40000000000000000000000000000000000D7
:1035F40000000000000000000000000000000000C7
:1036040000000000000000000000000000000000B6
:1036140000000000000000000000000000000000A6
:103624000000000000000000000000000000000096
:103634000000000000000000000000000000000086
:103644000000000000000000000000000000000076
:103654000000000000000000000000000000000066
:103664000000000000000000000000000000000056
:103674000000000000000000000000000000000046
:103684000000000000000000000000000000000036
:103694000000000000000000000000000000000026
:1036A4000000000000000000000000000000000016
:1036B4000000000000000000000000000000000006
:1036C40000000000000000000000000000000000F6
:1036D40000000000000000000000000000000000E6
:1036E4000000000000000000AC120108000000000F
:1036F400D4080020020000000200000007E40008D3
:1037040001EC0008C4180108000000003BEF0008A9
:103714003FEF000800000000D40600200000000075
:103724000000000000C201000001030000000000CE
:10373400EC060020000000000000000000960000DD
:10374400000103000000000000000000981B0108B5
:10375400000000000407002004070020000000000F
:1037640001000000140700201407002000000000DE
:103774000100000000000000000000000000000044
:103784000000000000000000000000000000000035
:103794000000000000000000000000000024F4000D
:1037A400C80000005407002054070020FFFFFFFF5B
:1037B4000000020008040020430000000000000094
:1037C40000000000000000000000000000000000F5
:1037D40000000000000000004300000000000000A2
:1037E40000000000000000000000000000000000D5
:1037F4000000000000000000430000000000000082
:1038040000000000000000000000000000000000B4
:103814000000000000000000430000000000000061
:103824000000000000000000000000000000000094
:103834000000000000000000430000000000000041
:103844000000000000000000000000000000000074
:103854000000000000000000430000000000000021
:103864000000000000000000000000000000000054
:103874000000000000000000430000000000000001
:103884000000000000000000000000000000000034
:103894000000000000000000DDD6000855C4000848
:1038A400000000001C1C0108B01E0108701E010865
:1038B400701E0108701E0108701E0108701E0108A8
:1038C400701E0108701E0108701E0108701E010898
:1038D400FFFFFFFFFFFFFFFFFFFFFFFFFFFF0000F2
:1038E400010041534349490000000000000000006A
:1038F40000000000000000000000000000000000C4
:10390400000041534349490000000000000000004A
:1039140000000000000000000000000000000000A3
:10392400000000000D0000000E000000FFFFFFFF7C
:0D393400FFFFFFFFFFFFFFFFFFFFFFFFFF93
:103941000000000000000000000000000000000076
:103951000000000000000000000000000000000066
:07396100000000000000005F
:10396800000000000000000000000000000000004F
:10397800000000000000000000000000000000003F
:10398800000000000000000000000000000000002F
:08399800000000000000000027
:0439A0000000000023
:1039A400500900205009002040360020000000008B
:0C39B400040000003800000000000000CB
:1039C0006C0900206C0900200000000000000000CD
:1039D0000E00000080090020800900200000000087
:0839E000000000000E000000D1
:1039E800940900209409002000000000FFFFFFFF59
:1039F800A4090020A409002000000000FFFFFFFF29
:103A0800B4090020B40900200000000001000000F3
:103A18000000000000000000CC090020CC090020B4
:103A2800A409002000000000940900200000000004
:103A380000000000140A0020280A002000000000EE
:103A4800FC090020FC09002000000000080A0020F2
:083A5800080A00200000000034
:083A6000F41A01089806002089
:103A68001C0A00201C0A00200000000001000100C0
:043A7800400A0020E0
:103A7C00300A0020300A0020000000000100010084
:043A8C007011002095
:043A900015E015E048
:04000005080052712C
:00000001FF
